Estimate Status,Year,Wave,State,Common Name,Fishing Mode,Fishing Area,Observed Harvest (A),PSE,Reported Harvest (B1),PSE,Released Alive (B2),PSE
FINAL,2000,JANUARY/FEBRUARY,ALABAMA,VERMILION SNAPPER,CHARTER BOAT,1,93,83.3,0,.,74,97.5
FINAL,2000,JANUARY/FEBRUARY,FLORIDA,VERMILION SNAPPER,CHARTER BOAT,3,257,105.1,0,.,0,.
FINAL,2000,MARCH/APRIL,ALABAMA,VERMILION SNAPPER,CHARTER BOAT,1,7187,39,34,101.7,254,97.6
FINAL,2000,MARCH/APRIL,ALABAMA,VERMILION SNAPPER,PRIVATE/RENTAL BOAT,1,5851,96.4,0,.,0,.
FINAL,2000,MARCH/APRIL,FLORIDA,VERMILION SNAPPER,CHARTER BOAT,2,3166,56.5,0,.,29,98
FINAL,2000,MARCH/APRIL,FLORIDA,VERMILION SNAPPER,CHARTER BOAT,3,24740,36.4,330,100.9,4850,94.2
FINAL,2000,MARCH/APRIL,FLORIDA,VERMILION SNAPPER,PRIVATE/RENTAL BOAT,2,6410,100,0,.,0,.
FINAL,2000,MAY/JUNE,ALABAMA,VERMILION SNAPPER,CHARTER BOAT,1,8469,46,0,.,0,.
FINAL,2000,MAY/JUNE,ALABAMA,VERMILION SNAPPER,PRIVATE/RENTAL BOAT,1,9370,53.4,0,.,7332,71.6
FINAL,2000,MAY/JUNE,FLORIDA,VERMILION SNAPPER,CHARTER BOAT,2,3389,62.7,0,.,0,.
FINAL,2000,MAY/JUNE,FLORIDA,VERMILION SNAPPER,CHARTER BOAT,3,13822,30.5,75,99.9,1134,63.6
FINAL,2000,MAY/JUNE,FLORIDA,VERMILION SNAPPER,PRIVATE/RENTAL BOAT,2,0,.,0,.,2744,97.6
FINAL,2000,JULY/AUGUST,ALABAMA,VERMILION SNAPPER,CHARTER BOAT,1,3550,63.7,0,.,66,103.7
FINAL,2000,JULY/AUGUST,ALABAMA,VERMILION SNAPPER,PRIVATE/RENTAL BOAT,1,961,98.6,0,.,0,.
FINAL,2000,JULY/AUGUST,ALABAMA,VERMILION SNAPPER,PRIVATE/RENTAL BOAT,4,0,.,0,.,861,97.2
FINAL,2000,JULY/AUGUST,FLORIDA,VERMILION SNAPPER,CHARTER BOAT,2,1927,46.8,0,.,212,93.2
FINAL,2000,JULY/AUGUST,FLORIDA,VERMILION SNAPPER,CHARTER BOAT,3,16064,27.7,0,.,0,.
FINAL,2000,JULY/AUGUST,FLORIDA,VERMILION SNAPPER,PRIVATE/RENTAL BOAT,2,1851,98.5,16789,98.5,0,.
FINAL,2000,JULY/AUGUST,FLORIDA,VERMILION SNAPPER,PRIVATE/RENTAL BOAT,3,54728,66.5,16019,69.3,10303,86.9
FINAL,2000,JULY/AUGUST,FLORIDA,VERMILION SNAPPER,PRIVATE/RENTAL BOAT,4,0,.,0,.,2101,99.7
FINAL,2000,SEPTEMBER/OCTOBER,ALABAMA,VERMILION SNAPPER,CHARTER BOAT,1,765,58.3,0,.,141,100.1
FINAL,2000,SEPTEMBER/OCTOBER,ALABAMA,VERMILION SNAPPER,PRIVATE/RENTAL BOAT,1,1302,97,0,.,0,.
FINAL,2000,SEPTEMBER/OCTOBER,FLORIDA,VERMILION SNAPPER,CHARTER BOAT,2,841,41.4,0,.,24,100.2
FINAL,2000,SEPTEMBER/OCTOBER,FLORIDA,VERMILION SNAPPER,CHARTER BOAT,3,30026,25.1,123,99.2,2000,44.9
FINAL,2000,SEPTEMBER/OCTOBER,FLORIDA,VERMILION SNAPPER,PRIVATE/RENTAL BOAT,4,0,.,0,.,844,99.3
FINAL,2000,NOVEMBER/DECEMBER,ALABAMA,VERMILION SNAPPER,CHARTER BOAT,1,453,69.7,0,.,0,.
FINAL,2000,NOVEMBER/DECEMBER,FLORIDA,VERMILION SNAPPER,CHARTER BOAT,2,575,64.8,0,.,0,.
FINAL,2000,NOVEMBER/DECEMBER,FLORIDA,VERMILION SNAPPER,CHARTER BOAT,3,8985,65.5,0,.,17,99.1
FINAL,2000,NOVEMBER/DECEMBER,FLORIDA,VERMILION SNAPPER,PRIVATE/RENTAL BOAT,2,0,.,0,.,14197,100
FINAL,2000,NOVEMBER/DECEMBER,LOUISIANA,VERMILION SNAPPER,PRIVATE/RENTAL BOAT,4,0,.,0,.,6971,100.7
FINAL,2001,JANUARY/FEBRUARY,ALABAMA,VERMILION SNAPPER,CHARTER BOAT,1,152,86.9,0,.,64,98.6
FINAL,2001,JANUARY/FEBRUARY,ALABAMA,VERMILION SNAPPER,PRIVATE/RENTAL BOAT,1,2175,104.3,0,.,0,.
FINAL,2001,JANUARY/FEBRUARY,FLORIDA,VERMILION SNAPPER,CHARTER BOAT,3,1644,49.2,0,.,21,92.1
FINAL,2001,JANUARY/FEBRUARY,FLORIDA,VERMILION SNAPPER,PRIVATE/RENTAL BOAT,3,0,.,0,.,4623,92.2
FINAL,2001,MARCH/APRIL,ALABAMA,VERMILION SNAPPER,CHARTER BOAT,0,325,87.1,0,.,0,.
FINAL,2001,MARCH/APRIL,ALABAMA,VERMILION SNAPPER,CHARTER BOAT,1,20468,28.3,66,98.2,139,99.9
FINAL,2001,MARCH/APRIL,ALABAMA,VERMILION SNAPPER,PRIVATE/RENTAL BOAT,1,47212,73,0,.,0,.
FINAL,2001,MARCH/APRIL,FLORIDA,VERMILION SNAPPER,CHARTER BOAT,2,1047,41.4,0,.,0,.
FINAL,2001,MARCH/APRIL,FLORIDA,VERMILION SNAPPER,CHARTER BOAT,3,17731,24.8,0,.,493,64.6
FINAL,2001,MARCH/APRIL,FLORIDA,VERMILION SNAPPER,PRIVATE/RENTAL BOAT,2,52321,85.2,0,.,0,.
FINAL,2001,MARCH/APRIL,FLORIDA,VERMILION SNAPPER,PRIVATE/RENTAL BOAT,3,187171,67.5,13573,99,0,.
FINAL,2001,MARCH/APRIL,LOUISIANA,VERMILION SNAPPER,PRIVATE/RENTAL BOAT,1,6958,73.9,0,.,0,.
FINAL,2001,MAY/JUNE,ALABAMA,VERMILION SNAPPER,CHARTER BOAT,1,15287,58.1,0,.,0,.
FINAL,2001,MAY/JUNE,ALABAMA,VERMILION SNAPPER,PRIVATE/RENTAL BOAT,1,6202,73.9,0,.,0,.
FINAL,2001,MAY/JUNE,FLORIDA,VERMILION SNAPPER,CHARTER BOAT,2,6191,61.3,0,.,0,.
FINAL,2001,MAY/JUNE,FLORIDA,VERMILION SNAPPER,CHARTER BOAT,3,49265,29.8,153,64.9,7799,79.6
FINAL,2001,MAY/JUNE,FLORIDA,VERMILION SNAPPER,PRIVATE/RENTAL BOAT,2,0,.,0,.,2348,101
FINAL,2001,MAY/JUNE,FLORIDA,VERMILION SNAPPER,PRIVATE/RENTAL BOAT,3,110541,52.4,25970,92.1,0,.
FINAL,2001,JULY/AUGUST,ALABAMA,VERMILION SNAPPER,CHARTER BOAT,1,6700,38.2,0,.,692,101.1
FINAL,2001,JULY/AUGUST,ALABAMA,VERMILION SNAPPER,PRIVATE/RENTAL BOAT,1,19316,68.4,0,.,5766,61.3
FINAL,2001,JULY/AUGUST,FLORIDA,VERMILION SNAPPER,CHARTER BOAT,2,1066,46.6,0,.,0,.
FINAL,2001,JULY/AUGUST,FLORIDA,VERMILION SNAPPER,CHARTER BOAT,3,12789,27.4,0,.,1198,63.9
FINAL,2001,JULY/AUGUST,FLORIDA,VERMILION SNAPPER,PRIVATE/RENTAL BOAT,2,56854,89.9,0,.,20715,98.9
FINAL,2001,JULY/AUGUST,FLORIDA,VERMILION SNAPPER,PRIVATE/RENTAL BOAT,3,188905,72.2,0,.,44361,71.6
FINAL,2001,JULY/AUGUST,LOUISIANA,VERMILION SNAPPER,PRIVATE/RENTAL BOAT,1,8800,98.6,0,.,0,.
FINAL,2001,SEPTEMBER/OCTOBER,ALABAMA,VERMILION SNAPPER,CHARTER BOAT,1,633,51,0,.,0,.
FINAL,2001,SEPTEMBER/OCTOBER,ALABAMA,VERMILION SNAPPER,PRIVATE/RENTAL BOAT,1,12568,68.6,0,.,3186,96.3
FINAL,2001,SEPTEMBER/OCTOBER,FLORIDA,VERMILION SNAPPER,CHARTER BOAT,2,2283,41.4,0,.,118,100.1
FINAL,2001,SEPTEMBER/OCTOBER,FLORIDA,VERMILION SNAPPER,CHARTER BOAT,3,17219,24.9,0,.,1060,48.4
FINAL,2001,SEPTEMBER/OCTOBER,FLORIDA,VERMILION SNAPPER,PRIVATE/RENTAL BOAT,2,0,.,28629,97.2,22877,97.2
FINAL,2001,NOVEMBER/DECEMBER,ALABAMA,VERMILION SNAPPER,CHARTER BOAT,1,84,98.4,0,.,0,.
FINAL,2001,NOVEMBER/DECEMBER,ALABAMA,VERMILION SNAPPER,PRIVATE/RENTAL BOAT,1,69862,43.3,14612,68,0,.
FINAL,2001,NOVEMBER/DECEMBER,FLORIDA,VERMILION SNAPPER,CHARTER BOAT,2,691,68.4,0,.,0,.
FINAL,2001,NOVEMBER/DECEMBER,FLORIDA,VERMILION SNAPPER,CHARTER BOAT,3,5023,57.2,0,.,546,74.5
FINAL,2001,NOVEMBER/DECEMBER,FLORIDA,VERMILION SNAPPER,PRIVATE/RENTAL BOAT,2,0,.,0,.,3288,99.8
FINAL,2002,JANUARY/FEBRUARY,ALABAMA,VERMILION SNAPPER,CHARTER BOAT,1,1042,62.5,0,.,0,.
FINAL,2002,JANUARY/FEBRUARY,ALABAMA,VERMILION SNAPPER,PRIVATE/RENTAL BOAT,1,17958,89.3,0,.,0,.
FINAL,2002,JANUARY/FEBRUARY,FLORIDA,VERMILION SNAPPER,CHARTER BOAT,2,139,62.4,0,.,0,.
FINAL,2002,JANUARY/FEBRUARY,FLORIDA,VERMILION SNAPPER,CHARTER BOAT,3,1441,53.7,0,.,53,99.2
FINAL,2002,JANUARY/FEBRUARY,FLORIDA,VERMILION SNAPPER,PRIVATE/RENTAL BOAT,3,53769,65.5,30371,97.5,0,.
FINAL,2002,JANUARY/FEBRUARY,LOUISIANA,VERMILION SNAPPER,CHARTER BOAT,1,65,75.9,0,.,0,.
FINAL,2002,MARCH/APRIL,ALABAMA,VERMILION SNAPPER,CHARTER BOAT,1,9917,34,62,101.9,257,95.7
FINAL,2002,MARCH/APRIL,ALABAMA,VERMILION SNAPPER,PRIVATE/RENTAL BOAT,1,113058,55.6,0,.,0,.
FINAL,2002,MARCH/APRIL,FLORIDA,VERMILION SNAPPER,SHORE,2,0,.,0,.,5887,100.3
FINAL,2002,MARCH/APRIL,FLORIDA,VERMILION SNAPPER,CHARTER BOAT,2,2646,63.9,0,.,0,.
FINAL,2002,MARCH/APRIL,FLORIDA,VERMILION SNAPPER,CHARTER BOAT,3,6357,44.9,0,.,0,.
FINAL,2002,MARCH/APRIL,FLORIDA,VERMILION SNAPPER,PRIVATE/RENTAL BOAT,2,17629,88.4,0,.,0,.
FINAL,2002,MARCH/APRIL,FLORIDA,VERMILION SNAPPER,PRIVATE/RENTAL BOAT,3,0,.,0,.,20445,101.5
FINAL,2002,MARCH/APRIL,LOUISIANA,VERMILION SNAPPER,CHARTER BOAT,1,31,79.6,118,83,0,.
FINAL,2002,MAY/JUNE,ALABAMA,VERMILION SNAPPER,CHARTER BOAT,1,6056,71.5,0,.,419,100.5
FINAL,2002,MAY/JUNE,ALABAMA,VERMILION SNAPPER,PRIVATE/RENTAL BOAT,1,11742,54.5,5881,104.6,0,.
FINAL,2002,MAY/JUNE,FLORIDA,VERMILION SNAPPER,CHARTER BOAT,2,1540,43.8,0,.,0,.
FINAL,2002,MAY/JUNE,FLORIDA,VERMILION SNAPPER,CHARTER BOAT,3,9716,41.5,0,.,230,78.3
FINAL,2002,MAY/JUNE,FLORIDA,VERMILION SNAPPER,PRIVATE/RENTAL BOAT,2,7289,73.5,0,.,0,.
FINAL,2002,MAY/JUNE,FLORIDA,VERMILION SNAPPER,PRIVATE/RENTAL BOAT,3,326731,60.4,52012,71.6,204078,54
FINAL,2002,MAY/JUNE,LOUISIANA,VERMILION SNAPPER,CHARTER BOAT,1,421,81.9,0,.,0,.
FINAL,2002,JULY/AUGUST,ALABAMA,VERMILION SNAPPER,CHARTER BOAT,1,963,40.4,0,.,0,.
FINAL,2002,JULY/AUGUST,ALABAMA,VERMILION SNAPPER,PRIVATE/RENTAL BOAT,0,1553,88.6,0,.,0,.
FINAL,2002,JULY/AUGUST,ALABAMA,VERMILION SNAPPER,PRIVATE/RENTAL BOAT,1,15341,69.2,12616,95.8,14088,87
FINAL,2002,JULY/AUGUST,FLORIDA,VERMILION SNAPPER,CHARTER BOAT,2,6847,33.4,0,.,239,102.2
FINAL,2002,JULY/AUGUST,FLORIDA,VERMILION SNAPPER,CHARTER BOAT,3,18753,27.6,61,98.8,292,68.5
FINAL,2002,JULY/AUGUST,FLORIDA,VERMILION SNAPPER,PRIVATE/RENTAL BOAT,3,2512,74.5,3437,98.3,6874,86.6
FINAL,2002,JULY/AUGUST,LOUISIANA,VERMILION SNAPPER,CHARTER BOAT,1,7951,78.7,0,.,0,.
FINAL,2002,JULY/AUGUST,MISSISSIPPI,VERMILION SNAPPER,PRIVATE/RENTAL BOAT,1,0,.,0,.,1421,94.1
FINAL,2002,SEPTEMBER/OCTOBER,ALABAMA,VERMILION SNAPPER,CHARTER BOAT,1,6860,43.6,0,.,0,.
FINAL,2002,SEPTEMBER/OCTOBER,FLORIDA,VERMILION SNAPPER,CHARTER BOAT,2,2726,48,0,.,0,.
FINAL,2002,SEPTEMBER/OCTOBER,FLORIDA,VERMILION SNAPPER,CHARTER BOAT,3,17168,26.7,0,.,593,64.8
FINAL,2002,SEPTEMBER/OCTOBER,FLORIDA,VERMILION SNAPPER,PRIVATE/RENTAL BOAT,3,51304,80.7,5363,101.3,37597,69.7
FINAL,2002,NOVEMBER/DECEMBER,ALABAMA,VERMILION SNAPPER,CHARTER BOAT,1,910,64.6,57,100.9,25,100.9
FINAL,2002,NOVEMBER/DECEMBER,ALABAMA,VERMILION SNAPPER,PRIVATE/RENTAL BOAT,1,14245,67.4,3585,95.4,0,.
FINAL,2002,NOVEMBER/DECEMBER,FLORIDA,VERMILION SNAPPER,CHARTER BOAT,2,1408,71.1,0,.,532,102.6
FINAL,2002,NOVEMBER/DECEMBER,FLORIDA,VERMILION SNAPPER,CHARTER BOAT,3,4569,49.1,57,100.4,0,.
FINAL,2002,NOVEMBER/DECEMBER,FLORIDA,VERMILION SNAPPER,PRIVATE/RENTAL BOAT,2,39409,70,5703,100,0,.
FINAL,2003,JANUARY/FEBRUARY,ALABAMA,VERMILION SNAPPER,CHARTER BOAT,0,49,98.4,0,.,0,.
FINAL,2003,JANUARY/FEBRUARY,ALABAMA,VERMILION SNAPPER,CHARTER BOAT,1,948,53.9,0,.,0,.
FINAL,2003,JANUARY/FEBRUARY,FLORIDA,VERMILION SNAPPER,CHARTER BOAT,3,1817,37.1,109,99.3,398,105.1
FINAL,2003,JANUARY/FEBRUARY,LOUISIANA,VERMILION SNAPPER,CHARTER BOAT,1,889,57.8,12,92.4,0,.
FINAL,2003,JANUARY/FEBRUARY,LOUISIANA,VERMILION SNAPPER,PRIVATE/RENTAL BOAT,1,9211,82.6,0,.,0,.
FINAL,2003,MARCH/APRIL,ALABAMA,VERMILION SNAPPER,CHARTER BOAT,1,12781,57.1,0,.,0,.
FINAL,2003,MARCH/APRIL,ALABAMA,VERMILION SNAPPER,PRIVATE/RENTAL BOAT,1,6926,85.8,0,.,2409,85.8
FINAL,2003,MARCH/APRIL,FLORIDA,VERMILION SNAPPER,CHARTER BOAT,2,131,77.8,0,.,0,.
FINAL,2003,MARCH/APRIL,FLORIDA,VERMILION SNAPPER,CHARTER BOAT,3,6569,37.7,147,101.4,259,85.2
FINAL,2003,MARCH/APRIL,FLORIDA,VERMILION SNAPPER,PRIVATE/RENTAL BOAT,2,0,.,0,.,19219,100.3
FINAL,2003,MARCH/APRIL,FLORIDA,VERMILION SNAPPER,PRIVATE/RENTAL BOAT,3,49475,58.9,0,.,112357,94.2
FINAL,2003,MAY/JUNE,ALABAMA,VERMILION SNAPPER,CHARTER BOAT,1,8188,68.8,0,.,0,.
FINAL,2003,MAY/JUNE,ALABAMA,VERMILION SNAPPER,PRIVATE/RENTAL BOAT,1,1016,108.8,0,.,0,.
FINAL,2003,MAY/JUNE,FLORIDA,VERMILION SNAPPER,CHARTER BOAT,2,3457,53.9,0,.,243,69.8
FINAL,2003,MAY/JUNE,FLORIDA,VERMILION SNAPPER,CHARTER BOAT,3,13632,22.6,0,.,188,91.7
FINAL,2003,MAY/JUNE,FLORIDA,VERMILION SNAPPER,PRIVATE/RENTAL BOAT,2,111656,91.6,0,.,14147,99.3
FINAL,2003,MAY/JUNE,FLORIDA,VERMILION SNAPPER,PRIVATE/RENTAL BOAT,3,117853,51.5,0,.,28044,67.1
FINAL,2003,MAY/JUNE,LOUISIANA,VERMILION SNAPPER,CHARTER BOAT,1,278,71.1,0,.,0,.
FINAL,2003,JULY/AUGUST,ALABAMA,VERMILION SNAPPER,CHARTER BOAT,1,6288,38.5,0,.,186,96.8
FINAL,2003,JULY/AUGUST,ALABAMA,VERMILION SNAPPER,PRIVATE/RENTAL BOAT,0,576,106.7,0,.,0,.
FINAL,2003,JULY/AUGUST,ALABAMA,VERMILION SNAPPER,PRIVATE/RENTAL BOAT,1,27862,49.1,0,.,0,.
FINAL,2003,JULY/AUGUST,FLORIDA,VERMILION SNAPPER,CHARTER BOAT,2,3348,32.9,0,.,0,.
FINAL,2003,JULY/AUGUST,FLORIDA,VERMILION SNAPPER,CHARTER BOAT,3,35822,28.7,139,76.5,454,80.5
FINAL,2003,JULY/AUGUST,FLORIDA,VERMILION SNAPPER,PRIVATE/RENTAL BOAT,2,20431,100.2,35887,96.6,19575,96.6
FINAL,2003,JULY/AUGUST,FLORIDA,VERMILION SNAPPER,PRIVATE/RENTAL BOAT,3,138563,69.2,21507,88.7,86711,65
FINAL,2003,JULY/AUGUST,LOUISIANA,VERMILION SNAPPER,CHARTER BOAT,1,267,102.6,0,.,0,.
FINAL,2003,SEPTEMBER/OCTOBER,ALABAMA,VERMILION SNAPPER,SHORE,0,0,.,0,.,17057,94.6
FINAL,2003,SEPTEMBER/OCTOBER,ALABAMA,VERMILION SNAPPER,CHARTER BOAT,1,4148,47.1,0,.,0,.
FINAL,2003,SEPTEMBER/OCTOBER,FLORIDA,VERMILION SNAPPER,CHARTER BOAT,2,1011,50.5,0,.,156,75.1
FINAL,2003,SEPTEMBER/OCTOBER,FLORIDA,VERMILION SNAPPER,CHARTER BOAT,3,25772,24.5,778,89.4,1361,65.2
FINAL,2003,SEPTEMBER/OCTOBER,FLORIDA,VERMILION SNAPPER,PRIVATE/RENTAL BOAT,2,1988,95.9,0,.,4061,96.2
FINAL,2003,SEPTEMBER/OCTOBER,FLORIDA,VERMILION SNAPPER,PRIVATE/RENTAL BOAT,3,59380,69.8,0,.,15026,94.9
FINAL,2003,SEPTEMBER/OCTOBER,LOUISIANA,VERMILION SNAPPER,PRIVATE/RENTAL BOAT,1,0,.,4098,93.4,0,.
FINAL,2003,SEPTEMBER/OCTOBER,MISSISSIPPI,VERMILION SNAPPER,PRIVATE/RENTAL BOAT,1,1441,79.9,0,.,0,.
FINAL,2003,NOVEMBER/DECEMBER,ALABAMA,VERMILION SNAPPER,CHARTER BOAT,1,1471,62.6,0,.,0,.
FINAL,2003,NOVEMBER/DECEMBER,ALABAMA,VERMILION SNAPPER,PRIVATE/RENTAL BOAT,1,18296,78.6,0,.,0,.
FINAL,2003,NOVEMBER/DECEMBER,FLORIDA,VERMILION SNAPPER,CHARTER BOAT,2,1366,41.5,24,100.2,47,71.4
FINAL,2003,NOVEMBER/DECEMBER,FLORIDA,VERMILION SNAPPER,CHARTER BOAT,3,3138,50.5,48,91.1,115,76
FINAL,2003,NOVEMBER/DECEMBER,FLORIDA,VERMILION SNAPPER,PRIVATE/RENTAL BOAT,2,7168,97.5,0,.,0,.
FINAL,2004,JANUARY/FEBRUARY,ALABAMA,VERMILION SNAPPER,CHARTER BOAT,1,973,61.3,1064,99.8,54,86
FINAL,2004,JANUARY/FEBRUARY,FLORIDA,VERMILION SNAPPER,CHARTER BOAT,3,1990,27.1,0,.,235,101.6
FINAL,2004,JANUARY/FEBRUARY,FLORIDA,VERMILION SNAPPER,PRIVATE/RENTAL BOAT,3,2436,105.5,0,.,0,.
FINAL,2004,JANUARY/FEBRUARY,LOUISIANA,VERMILION SNAPPER,CHARTER BOAT,1,39,106.1,0,.,0,.
FINAL,2004,MARCH/APRIL,ALABAMA,VERMILION SNAPPER,CHARTER BOAT,0,36,114.8,0,.,0,.
FINAL,2004,MARCH/APRIL,ALABAMA,VERMILION SNAPPER,CHARTER BOAT,1,18774,39.1,10202,81.5,658,55.3
FINAL,2004,MARCH/APRIL,ALABAMA,VERMILION SNAPPER,PRIVATE/RENTAL BOAT,0,2502,103.7,0,.,0,.
FINAL,2004,MARCH/APRIL,ALABAMA,VERMILION SNAPPER,PRIVATE/RENTAL BOAT,1,614,106.6,0,.,0,.
FINAL,2004,MARCH/APRIL,FLORIDA,VERMILION SNAPPER,CHARTER BOAT,2,11716,27.9,0,.,591,61.6
FINAL,2004,MARCH/APRIL,FLORIDA,VERMILION SNAPPER,CHARTER BOAT,3,22370,25,729,45,1427,44.4
FINAL,2004,MARCH/APRIL,FLORIDA,VERMILION SNAPPER,PRIVATE/RENTAL BOAT,2,13348,97.3,0,.,0,.
FINAL,2004,MARCH/APRIL,FLORIDA,VERMILION SNAPPER,PRIVATE/RENTAL BOAT,3,16816,101.5,18826,93.4,9563,92
FINAL,2004,MARCH/APRIL,LOUISIANA,VERMILION SNAPPER,CHARTER BOAT,1,1033,79.7,0,.,0,.
FINAL,2004,MARCH/APRIL,LOUISIANA,VERMILION SNAPPER,PRIVATE/RENTAL BOAT,1,2511,104.1,0,.,0,.
FINAL,2004,MAY/JUNE,ALABAMA,VERMILION SNAPPER,CHARTER BOAT,1,19814,33.2,0,.,713,102.5
FINAL,2004,MAY/JUNE,ALABAMA,VERMILION SNAPPER,PRIVATE/RENTAL BOAT,1,21755,59.1,20917,95,8173,94.3
FINAL,2004,MAY/JUNE,FLORIDA,VERMILION SNAPPER,CHARTER BOAT,2,7280,54.1,0,.,599,94.7
FINAL,2004,MAY/JUNE,FLORIDA,VERMILION SNAPPER,CHARTER BOAT,3,50214,17.7,14,100.2,7987,36.9
FINAL,2004,MAY/JUNE,FLORIDA,VERMILION SNAPPER,PRIVATE/RENTAL BOAT,3,56854,54.5,8334,73.1,40934,61.4
FINAL,2004,MAY/JUNE,LOUISIANA,VERMILION SNAPPER,CHARTER BOAT,1,568,63.4,0,.,0,.
FINAL,2004,MAY/JUNE,MISSISSIPPI,VERMILION SNAPPER,PRIVATE/RENTAL BOAT,1,6065,98.4,0,.,0,.
FINAL,2004,JULY/AUGUST,ALABAMA,VERMILION SNAPPER,CHARTER BOAT,1,34273,41.9,0,.,6658,96.9
FINAL,2004,JULY/AUGUST,FLORIDA,VERMILION SNAPPER,CHARTER BOAT,2,4696,34.1,7568,99.7,923,61.5
FINAL,2004,JULY/AUGUST,FLORIDA,VERMILION SNAPPER,CHARTER BOAT,3,44614,29.5,0,.,3638,43
FINAL,2004,JULY/AUGUST,FLORIDA,VERMILION SNAPPER,PRIVATE/RENTAL BOAT,2,15041,62.6,1102,100.7,7716,100.7
FINAL,2004,JULY/AUGUST,FLORIDA,VERMILION SNAPPER,PRIVATE/RENTAL BOAT,3,130900,47.7,19770,92.4,65875,59.7
FINAL,2004,JULY/AUGUST,LOUISIANA,VERMILION SNAPPER,CHARTER BOAT,1,18496,52,0,.,0,.
FINAL,2004,JULY/AUGUST,LOUISIANA,VERMILION SNAPPER,PRIVATE/RENTAL BOAT,1,1107,97.5,0,.,0,.
FINAL,2004,SEPTEMBER/OCTOBER,ALABAMA,VERMILION SNAPPER,CHARTER BOAT,1,309,42.7,16,110.7,0,.
FINAL,2004,SEPTEMBER/OCTOBER,ALABAMA,VERMILION SNAPPER,PRIVATE/RENTAL BOAT,1,1780,60.5,0,.,0,.
FINAL,2004,SEPTEMBER/OCTOBER,FLORIDA,VERMILION SNAPPER,CHARTER BOAT,2,2438,34.3,143,64.1,198,59.4
FINAL,2004,SEPTEMBER/OCTOBER,FLORIDA,VERMILION SNAPPER,CHARTER BOAT,3,12150,28.4,643,58.4,941,68.7
FINAL,2004,SEPTEMBER/OCTOBER,FLORIDA,VERMILION SNAPPER,PRIVATE/RENTAL BOAT,2,10020,86,0,.,0,.
FINAL,2004,SEPTEMBER/OCTOBER,FLORIDA,VERMILION SNAPPER,PRIVATE/RENTAL BOAT,3,100926,86,0,.,28492,71.3
FINAL,2004,SEPTEMBER/OCTOBER,LOUISIANA,VERMILION SNAPPER,CHARTER BOAT,1,215,53.1,0,.,0,.
FINAL,2004,NOVEMBER/DECEMBER,ALABAMA,VERMILION SNAPPER,CHARTER BOAT,1,253,81.9,315,95.8,89,103.6
FINAL,2004,NOVEMBER/DECEMBER,ALABAMA,VERMILION SNAPPER,PRIVATE/RENTAL BOAT,1,2526,108.7,30309,108.7,12124,108.7
FINAL,2004,NOVEMBER/DECEMBER,FLORIDA,VERMILION SNAPPER,CHARTER BOAT,2,1212,53.4,0,.,193,81.1
FINAL,2004,NOVEMBER/DECEMBER,FLORIDA,VERMILION SNAPPER,CHARTER BOAT,3,922,35.8,223,100.7,213,89
FINAL,2004,NOVEMBER/DECEMBER,LOUISIANA,VERMILION SNAPPER,CHARTER BOAT,1,41,50.3,0,.,0,.
FINAL,2005,JANUARY/FEBRUARY,ALABAMA,VERMILION SNAPPER,CHARTER BOAT,1,698,50.6,0,.,0,.
FINAL,2005,JANUARY/FEBRUARY,ALABAMA,VERMILION SNAPPER,PRIVATE/RENTAL BOAT,1,7716,69.8,0,.,0,.
FINAL,2005,JANUARY/FEBRUARY,FLORIDA,VERMILION SNAPPER,CHARTER BOAT,2,82,103.6,0,.,0,.
FINAL,2005,JANUARY/FEBRUARY,FLORIDA,VERMILION SNAPPER,CHARTER BOAT,3,1153,46.9,0,.,168,73.8
FINAL,2005,JANUARY/FEBRUARY,FLORIDA,VERMILION SNAPPER,PRIVATE/RENTAL BOAT,3,6074,101.7,0,.,3036,101.7
FINAL,2005,MARCH/APRIL,ALABAMA,VERMILION SNAPPER,CHARTER BOAT,1,6849,50.7,0,.,80,101.7
FINAL,2005,MARCH/APRIL,ALABAMA,VERMILION SNAPPER,PRIVATE/RENTAL BOAT,1,38390,110.6,0,.,0,.
FINAL,2005,MARCH/APRIL,FLORIDA,VERMILION SNAPPER,CHARTER BOAT,2,5147,50,141,99.6,287,74.2
FINAL,2005,MARCH/APRIL,FLORIDA,VERMILION SNAPPER,CHARTER BOAT,3,18472,31.1,5026,49.9,493,93.9
FINAL,2005,MARCH/APRIL,FLORIDA,VERMILION SNAPPER,PRIVATE/RENTAL BOAT,2,0,.,24028,95.9,71962,65.8
FINAL,2005,MARCH/APRIL,FLORIDA,VERMILION SNAPPER,PRIVATE/RENTAL BOAT,3,762,102.3,0,.,0,.
FINAL,2005,MAY/JUNE,ALABAMA,VERMILION SNAPPER,CHARTER BOAT,1,12769,39.9,0,.,445,95.6
FINAL,2005,MAY/JUNE,ALABAMA,VERMILION SNAPPER,PRIVATE/RENTAL BOAT,0,0,.,0,.,2171,99.5
FINAL,2005,MAY/JUNE,ALABAMA,VERMILION SNAPPER,PRIVATE/RENTAL BOAT,1,61557,58.7,0,.,2160,100.8
FINAL,2005,MAY/JUNE,FLORIDA,VERMILION SNAPPER,CHARTER BOAT,2,6892,33.5,0,.,493,60.2
FINAL,2005,MAY/JUNE,FLORIDA,VERMILION SNAPPER,CHARTER BOAT,3,59601,17.7,829,53.6,8126,53.4
FINAL,2005,MAY/JUNE,FLORIDA,VERMILION SNAPPER,PRIVATE/RENTAL BOAT,2,18333,61.7,3283,99.4,29518,75
FINAL,2005,MAY/JUNE,FLORIDA,VERMILION SNAPPER,PRIVATE/RENTAL BOAT,3,62282,74.9,0,.,14405,70.1
FINAL,2005,MAY/JUNE,LOUISIANA,VERMILION SNAPPER,CHARTER BOAT,1,1375,56.2,0,.,0,.
FINAL,2005,JULY/AUGUST,ALABAMA,VERMILION SNAPPER,CHARTER BOAT,1,2650,33.9,387,99.1,0,.
FINAL,2005,JULY/AUGUST,ALABAMA,VERMILION SNAPPER,PRIVATE/RENTAL BOAT,0,1264,99.7,0,.,0,.
FINAL,2005,JULY/AUGUST,ALABAMA,VERMILION SNAPPER,PRIVATE/RENTAL BOAT,1,21737,78.9,0,.,7101,98.9
FINAL,2005,JULY/AUGUST,FLORIDA,VERMILION SNAPPER,CHARTER BOAT,2,3594,39.9,0,.,0,.
FINAL,2005,JULY/AUGUST,FLORIDA,VERMILION SNAPPER,CHARTER BOAT,3,29206,21.9,290,67.6,1878,60.2
FINAL,2005,JULY/AUGUST,FLORIDA,VERMILION SNAPPER,PRIVATE/RENTAL BOAT,2,5024,97,0,.,3123,71.7
FINAL,2005,JULY/AUGUST,FLORIDA,VERMILION SNAPPER,PRIVATE/RENTAL BOAT,3,2252,83.9,0,.,175302,91.4
FINAL,2005,JULY/AUGUST,LOUISIANA,VERMILION SNAPPER,PRIVATE/RENTAL BOAT,1,0,.,587,92.2,0,.
FINAL,2005,SEPTEMBER/OCTOBER,ALABAMA,VERMILION SNAPPER,CHARTER BOAT,1,7529,53.2,0,.,1679,61.8
FINAL,2005,SEPTEMBER/OCTOBER,ALABAMA,VERMILION SNAPPER,PRIVATE/RENTAL BOAT,1,9805,86.6,2802,86.6,0,.
FINAL,2005,SEPTEMBER/OCTOBER,FLORIDA,VERMILION SNAPPER,CHARTER BOAT,2,2964,31.8,0,.,365,65.1
FINAL,2005,SEPTEMBER/OCTOBER,FLORIDA,VERMILION SNAPPER,CHARTER BOAT,3,17596,26.9,0,.,3927,39.4
FINAL,2005,SEPTEMBER/OCTOBER,FLORIDA,VERMILION SNAPPER,PRIVATE/RENTAL BOAT,2,9444,96.1,0,.,4722,96.1
FINAL,2005,SEPTEMBER/OCTOBER,FLORIDA,VERMILION SNAPPER,PRIVATE/RENTAL BOAT,3,17737,75,0,.,9546,97.7
FINAL,2005,SEPTEMBER/OCTOBER,FLORIDA,VERMILION SNAPPER,PRIVATE/RENTAL BOAT,4,0,.,0,.,1045,100.9
FINAL,2005,NOVEMBER/DECEMBER,ALABAMA,VERMILION SNAPPER,CHARTER BOAT,1,885,58.8,0,.,0,.
FINAL,2005,NOVEMBER/DECEMBER,ALABAMA,VERMILION SNAPPER,PRIVATE/RENTAL BOAT,1,20673,79.2,0,.,16717,79.2
FINAL,2005,NOVEMBER/DECEMBER,FLORIDA,VERMILION SNAPPER,CHARTER BOAT,2,24,103.2,0,.,0,.
FINAL,2005,NOVEMBER/DECEMBER,FLORIDA,VERMILION SNAPPER,CHARTER BOAT,3,4132,39.4,0,.,74,82.7
FINAL,2005,NOVEMBER/DECEMBER,FLORIDA,VERMILION SNAPPER,CHARTER BOAT,4,0,.,0,.,407,94.1
FINAL,2006,JANUARY/FEBRUARY,ALABAMA,VERMILION SNAPPER,CHARTER BOAT,1,39,97.7,0,.,0,.
FINAL,2006,JANUARY/FEBRUARY,FLORIDA,VERMILION SNAPPER,CHARTER BOAT,3,2882,78.6,0,.,964,97.6
FINAL,2006,JANUARY/FEBRUARY,FLORIDA,VERMILION SNAPPER,PRIVATE/RENTAL BOAT,3,4256,105.1,0,.,0,.
FINAL,2006,JANUARY/FEBRUARY,LOUISIANA,VERMILION SNAPPER,CHARTER BOAT,1,11107,55.8,0,.,312,101.8
FINAL,2006,MARCH/APRIL,ALABAMA,VERMILION SNAPPER,CHARTER BOAT,1,29318,68.4,0,.,0,.
FINAL,2006,MARCH/APRIL,FLORIDA,VERMILION SNAPPER,CHARTER BOAT,2,3371,68,0,.,509,81
FINAL,2006,MARCH/APRIL,FLORIDA,VERMILION SNAPPER,CHARTER BOAT,3,23276,25.1,90,98.2,1845,60
FINAL,2006,MARCH/APRIL,FLORIDA,VERMILION SNAPPER,PRIVATE/RENTAL BOAT,2,22975,79,0,.,0,.
FINAL,2006,MARCH/APRIL,FLORIDA,VERMILION SNAPPER,PRIVATE/RENTAL BOAT,3,70549,94.9,30753,97.2,42668,75.5
FINAL,2006,MARCH/APRIL,LOUISIANA,VERMILION SNAPPER,CHARTER BOAT,1,1210,53.9,0,.,0,.
FINAL,2006,MAY/JUNE,ALABAMA,VERMILION SNAPPER,CHARTER BOAT,0,71,87.8,0,.,0,.
FINAL,2006,MAY/JUNE,ALABAMA,VERMILION SNAPPER,CHARTER BOAT,1,6550,40.9,0,.,1484,102.9
FINAL,2006,MAY/JUNE,ALABAMA,VERMILION SNAPPER,PRIVATE/RENTAL BOAT,1,18700,96.9,0,.,33686,75.2
FINAL,2006,MAY/JUNE,FLORIDA,VERMILION SNAPPER,CHARTER BOAT,2,9987,52.5,0,.,2815,88.7
FINAL,2006,MAY/JUNE,FLORIDA,VERMILION SNAPPER,CHARTER BOAT,3,49118,21.4,0,.,6190,53.1
FINAL,2006,MAY/JUNE,FLORIDA,VERMILION SNAPPER,PRIVATE/RENTAL BOAT,2,8621,100.3,0,.,1363,101
FINAL,2006,MAY/JUNE,FLORIDA,VERMILION SNAPPER,PRIVATE/RENTAL BOAT,3,58731,48.8,27827,79,78459,57.7
FINAL,2006,MAY/JUNE,LOUISIANA,VERMILION SNAPPER,CHARTER BOAT,1,1194,53.4,0,.,0,.
FINAL,2006,MAY/JUNE,MISSISSIPPI,VERMILION SNAPPER,PRIVATE/RENTAL BOAT,4,0,.,0,.,423,100.4
FINAL,2006,JULY/AUGUST,ALABAMA,VERMILION SNAPPER,SHORE,4,0,.,0,.,1019,103.5
FINAL,2006,JULY/AUGUST,ALABAMA,VERMILION SNAPPER,CHARTER BOAT,1,22287,43.7,0,.,16138,64.5
FINAL,2006,JULY/AUGUST,ALABAMA,VERMILION SNAPPER,PRIVATE/RENTAL BOAT,1,298,104.2,0,.,4617,107
FINAL,2006,JULY/AUGUST,FLORIDA,VERMILION SNAPPER,CHARTER BOAT,2,198,76.4,0,.,127,104.3
FINAL,2006,JULY/AUGUST,FLORIDA,VERMILION SNAPPER,CHARTER BOAT,3,23640,20.9,0,.,1596,50.5
FINAL,2006,JULY/AUGUST,FLORIDA,VERMILION SNAPPER,PRIVATE/RENTAL BOAT,3,8561,51.2,0,.,0,.
FINAL,2006,JULY/AUGUST,LOUISIANA,VERMILION SNAPPER,CHARTER BOAT,1,261,46.9,0,.,0,.
FINAL,2006,JULY/AUGUST,MISSISSIPPI,VERMILION SNAPPER,PRIVATE/RENTAL BOAT,1,1544,100.1,0,.,9859,90.1
FINAL,2006,JULY/AUGUST,MISSISSIPPI,VERMILION SNAPPER,PRIVATE/RENTAL BOAT,4,0,.,0,.,770,100.7
FINAL,2006,SEPTEMBER/OCTOBER,ALABAMA,VERMILION SNAPPER,CHARTER BOAT,0,332,59.7,0,.,0,.
FINAL,2006,SEPTEMBER/OCTOBER,ALABAMA,VERMILION SNAPPER,CHARTER BOAT,1,4000,23.4,0,.,0,.
FINAL,2006,SEPTEMBER/OCTOBER,ALABAMA,VERMILION SNAPPER,PRIVATE/RENTAL BOAT,1,2057,105.1,0,.,6215,100.2
FINAL,2006,SEPTEMBER/OCTOBER,FLORIDA,VERMILION SNAPPER,CHARTER BOAT,2,3185,52.6,388,98.4,657,70.4
FINAL,2006,SEPTEMBER/OCTOBER,FLORIDA,VERMILION SNAPPER,CHARTER BOAT,3,12142,24,96,99.2,3926,59.4
FINAL,2006,SEPTEMBER/OCTOBER,FLORIDA,VERMILION SNAPPER,PRIVATE/RENTAL BOAT,2,2062,97.4,0,.,6116,99.6
FINAL,2006,SEPTEMBER/OCTOBER,FLORIDA,VERMILION SNAPPER,PRIVATE/RENTAL BOAT,3,0,.,0,.,3849,103.2
FINAL,2006,SEPTEMBER/OCTOBER,LOUISIANA,VERMILION SNAPPER,CHARTER BOAT,1,195,65.3,0,.,0,.
FINAL,2006,NOVEMBER/DECEMBER,ALABAMA,VERMILION SNAPPER,PRIVATE/RENTAL BOAT,1,14720,99.3,0,.,0,.
FINAL,2006,NOVEMBER/DECEMBER,FLORIDA,VERMILION SNAPPER,CHARTER BOAT,2,814,61.2,0,.,0,.
FINAL,2006,NOVEMBER/DECEMBER,FLORIDA,VERMILION SNAPPER,CHARTER BOAT,3,8206,45.6,0,.,1026,94.6
FINAL,2006,NOVEMBER/DECEMBER,FLORIDA,VERMILION SNAPPER,PRIVATE/RENTAL BOAT,3,25884,101,0,.,0,.
FINAL,2007,JANUARY/FEBRUARY,ALABAMA,VERMILION SNAPPER,CHARTER BOAT,1,922,72.3,0,.,309,58
FINAL,2007,JANUARY/FEBRUARY,FLORIDA,VERMILION SNAPPER,CHARTER BOAT,2,375,49.9,0,.,41,51.7
FINAL,2007,JANUARY/FEBRUARY,FLORIDA,VERMILION SNAPPER,CHARTER BOAT,3,986,53.8,0,.,255,98.5
FINAL,2007,JANUARY/FEBRUARY,FLORIDA,VERMILION SNAPPER,PRIVATE/RENTAL BOAT,2,0,.,0,.,810,101.9
FINAL,2007,JANUARY/FEBRUARY,LOUISIANA,VERMILION SNAPPER,CHARTER BOAT,1,4359,62.3,0,.,550,99
FINAL,2007,MARCH/APRIL,ALABAMA,VERMILION SNAPPER,CHARTER BOAT,1,4508,45.4,0,.,0,.
FINAL,2007,MARCH/APRIL,ALABAMA,VERMILION SNAPPER,PRIVATE/RENTAL BOAT,1,8945,96.4,0,.,0,.
FINAL,2007,MARCH/APRIL,FLORIDA,VERMILION SNAPPER,CHARTER BOAT,2,2967,40.9,0,.,1631,84.4
FINAL,2007,MARCH/APRIL,FLORIDA,VERMILION SNAPPER,CHARTER BOAT,3,6377,43.6,362,82.5,841,59.7
FINAL,2007,MARCH/APRIL,FLORIDA,VERMILION SNAPPER,PRIVATE/RENTAL BOAT,2,32661,96.4,0,.,16927,89.8
FINAL,2007,MARCH/APRIL,LOUISIANA,VERMILION SNAPPER,CHARTER BOAT,1,1238,68.4,0,.,40,95.8
FINAL,2007,MARCH/APRIL,LOUISIANA,VERMILION SNAPPER,PRIVATE/RENTAL BOAT,1,3203,86.3,0,.,0,.
FINAL,2007,MAY/JUNE,ALABAMA,VERMILION SNAPPER,CHARTER BOAT,1,17024,69.2,0,.,0,.
FINAL,2007,MAY/JUNE,ALABAMA,VERMILION SNAPPER,PRIVATE/RENTAL BOAT,1,3398,104.4,0,.,0,.
FINAL,2007,MAY/JUNE,FLORIDA,VERMILION SNAPPER,CHARTER BOAT,2,2226,35.5,0,.,0,.
FINAL,2007,MAY/JUNE,FLORIDA,VERMILION SNAPPER,CHARTER BOAT,3,31268,26.1,271,72.4,1390,67.6
FINAL,2007,MAY/JUNE,FLORIDA,VERMILION SNAPPER,PRIVATE/RENTAL BOAT,2,45954,58.5,0,.,34397,93.8
FINAL,2007,MAY/JUNE,FLORIDA,VERMILION SNAPPER,PRIVATE/RENTAL BOAT,3,124264,64.2,0,.,40338,90.5
FINAL,2007,MAY/JUNE,LOUISIANA,VERMILION SNAPPER,CHARTER BOAT,1,1433,83.9,0,.,0,.
FINAL,2007,JULY/AUGUST,ALABAMA,VERMILION SNAPPER,CHARTER BOAT,1,5128,59.5,0,.,321,101.7
FINAL,2007,JULY/AUGUST,ALABAMA,VERMILION SNAPPER,PRIVATE/RENTAL BOAT,1,1667,65.9,0,.,15165,84.4
FINAL,2007,JULY/AUGUST,FLORIDA,VERMILION SNAPPER,CHARTER BOAT,2,4578,34.6,264,77.4,259,81.6
FINAL,2007,JULY/AUGUST,FLORIDA,VERMILION SNAPPER,CHARTER BOAT,3,18675,29.3,1852,101,2881,54.8
FINAL,2007,JULY/AUGUST,FLORIDA,VERMILION SNAPPER,PRIVATE/RENTAL BOAT,2,50567,60.9,1604,100.4,39013,69.8
FINAL,2007,JULY/AUGUST,FLORIDA,VERMILION SNAPPER,PRIVATE/RENTAL BOAT,3,17627,57.8,0,.,4638,73.4
FINAL,2007,JULY/AUGUST,LOUISIANA,VERMILION SNAPPER,CHARTER BOAT,1,107,63.8,0,.,0,.
FINAL,2007,JULY/AUGUST,LOUISIANA,VERMILION SNAPPER,PRIVATE/RENTAL BOAT,0,0,.,2685,98.7,2014,98.7
FINAL,2007,SEPTEMBER/OCTOBER,ALABAMA,VERMILION SNAPPER,CHARTER BOAT,1,1285,42.4,0,.,0,.
FINAL,2007,SEPTEMBER/OCTOBER,FLORIDA,VERMILION SNAPPER,CHARTER BOAT,2,4071,35.5,28,100.5,1297,92.2
FINAL,2007,SEPTEMBER/OCTOBER,FLORIDA,VERMILION SNAPPER,CHARTER BOAT,3,13953,29.2,0,.,2722,71.3
FINAL,2007,SEPTEMBER/OCTOBER,FLORIDA,VERMILION SNAPPER,PRIVATE/RENTAL BOAT,2,11745,76.8,0,.,20670,98.8
FINAL,2007,SEPTEMBER/OCTOBER,FLORIDA,VERMILION SNAPPER,PRIVATE/RENTAL BOAT,3,106025,79,0,.,2081,102.4
FINAL,2007,NOVEMBER/DECEMBER,ALABAMA,VERMILION SNAPPER,CHARTER BOAT,1,74,88,0,.,0,.
FINAL,2007,NOVEMBER/DECEMBER,ALABAMA,VERMILION SNAPPER,PRIVATE/RENTAL BOAT,0,1832,97.2,0,.,0,.
FINAL,2007,NOVEMBER/DECEMBER,FLORIDA,VERMILION SNAPPER,CHARTER BOAT,2,111,109.4,0,.,0,.
FINAL,2007,NOVEMBER/DECEMBER,FLORIDA,VERMILION SNAPPER,CHARTER BOAT,3,1321,54.1,0,.,0,.
FINAL,2008,JANUARY/FEBRUARY,ALABAMA,VERMILION SNAPPER,CHARTER BOAT,1,985,73.3,0,.,0,.
FINAL,2008,JANUARY/FEBRUARY,FLORIDA,VERMILION SNAPPER,CHARTER BOAT,2,0,.,0,.,61,101.4
FINAL,2008,JANUARY/FEBRUARY,FLORIDA,VERMILION SNAPPER,CHARTER BOAT,3,1988,61.8,95,100.3,96,94.7
FINAL,2008,JANUARY/FEBRUARY,FLORIDA,VERMILION SNAPPER,PRIVATE/RENTAL BOAT,2,21130,101.8,0,.,0,.
FINAL,2008,JANUARY/FEBRUARY,LOUISIANA,VERMILION SNAPPER,CHARTER BOAT,1,9247,77.8,0,.,0,.
FINAL,2008,JANUARY/FEBRUARY,LOUISIANA,VERMILION SNAPPER,PRIVATE/RENTAL BOAT,1,0,.,10237,92.7,0,.
FINAL,2008,MARCH/APRIL,ALABAMA,VERMILION SNAPPER,CHARTER BOAT,1,7821,59.9,0,.,0,.
FINAL,2008,MARCH/APRIL,FLORIDA,VERMILION SNAPPER,CHARTER BOAT,2,3902,43.3,0,.,380,68.1
FINAL,2008,MARCH/APRIL,FLORIDA,VERMILION SNAPPER,CHARTER BOAT,3,13557,34.4,0,.,1864,52
FINAL,2008,MARCH/APRIL,FLORIDA,VERMILION SNAPPER,CHARTER BOAT,4,292,89.9,0,.,0,.
FINAL,2008,MARCH/APRIL,FLORIDA,VERMILION SNAPPER,PRIVATE/RENTAL BOAT,2,0,.,0,.,21814,101
FINAL,2008,MARCH/APRIL,FLORIDA,VERMILION SNAPPER,PRIVATE/RENTAL BOAT,3,0,.,0,.,5516,99.2
FINAL,2008,MAY/JUNE,ALABAMA,VERMILION SNAPPER,CHARTER BOAT,1,38117,35.5,0,.,224,29.2
FINAL,2008,MAY/JUNE,ALABAMA,VERMILION SNAPPER,PRIVATE/RENTAL BOAT,1,17755,72.5,0,.,0,.
FINAL,2008,MAY/JUNE,ALABAMA,VERMILION SNAPPER,PRIVATE/RENTAL BOAT,4,0,.,0,.,1092,92.6
FINAL,2008,MAY/JUNE,FLORIDA,VERMILION SNAPPER,CHARTER BOAT,2,6900,34,0,.,96,103.1
FINAL,2008,MAY/JUNE,FLORIDA,VERMILION SNAPPER,CHARTER BOAT,3,44468,24,142,99.2,4902,73
FINAL,2008,MAY/JUNE,FLORIDA,VERMILION SNAPPER,PRIVATE/RENTAL BOAT,2,6873,100,0,.,0,.
FINAL,2008,MAY/JUNE,FLORIDA,VERMILION SNAPPER,PRIVATE/RENTAL BOAT,3,22524,89.6,0,.,45813,88.1
FINAL,2008,MAY/JUNE,LOUISIANA,VERMILION SNAPPER,PRIVATE/RENTAL BOAT,1,0,.,9787,95.9,0,.
FINAL,2008,MAY/JUNE,LOUISIANA,VERMILION SNAPPER,PRIVATE/RENTAL BOAT,4,0,.,0,.,1198,99.2
FINAL,2008,JULY/AUGUST,ALABAMA,VERMILION SNAPPER,SHORE,4,0,.,0,.,991,102.9
FINAL,2008,JULY/AUGUST,ALABAMA,VERMILION SNAPPER,CHARTER BOAT,1,44372,54.8,0,.,0,.
FINAL,2008,JULY/AUGUST,FLORIDA,VERMILION SNAPPER,CHARTER BOAT,2,3610,56,0,.,1419,66.7
FINAL,2008,JULY/AUGUST,FLORIDA,VERMILION SNAPPER,CHARTER BOAT,3,22262,47.9,0,.,1985,60.7
FINAL,2008,JULY/AUGUST,FLORIDA,VERMILION SNAPPER,PRIVATE/RENTAL BOAT,2,31001,85.4,0,.,7317,100.3
FINAL,2008,JULY/AUGUST,FLORIDA,VERMILION SNAPPER,PRIVATE/RENTAL BOAT,3,9337,74.9,8177,99.6,6123,71.1
FINAL,2008,SEPTEMBER/OCTOBER,ALABAMA,VERMILION SNAPPER,CHARTER BOAT,1,1527,108,0,.,0,.
FINAL,2008,SEPTEMBER/OCTOBER,FLORIDA,VERMILION SNAPPER,CHARTER BOAT,2,9996,38.1,0,.,1868,37.3
FINAL,2008,SEPTEMBER/OCTOBER,FLORIDA,VERMILION SNAPPER,CHARTER BOAT,3,19183,31.4,0,.,829,83.1
FINAL,2008,SEPTEMBER/OCTOBER,FLORIDA,VERMILION SNAPPER,PRIVATE/RENTAL BOAT,3,67726,70.7,0,.,44458,69.3
FINAL,2008,NOVEMBER/DECEMBER,ALABAMA,VERMILION SNAPPER,CHARTER BOAT,1,100,95.7,0,.,0,.
FINAL,2008,NOVEMBER/DECEMBER,FLORIDA,VERMILION SNAPPER,CHARTER BOAT,3,1475,55.3,0,.,126,103
FINAL,2008,NOVEMBER/DECEMBER,FLORIDA,VERMILION SNAPPER,PRIVATE/RENTAL BOAT,3,24338,97.6,0,.,0,.
FINAL,2009,JANUARY/FEBRUARY,FLORIDA,VERMILION SNAPPER,CHARTER BOAT,2,11,91.7,0,.,0,.
FINAL,2009,JANUARY/FEBRUARY,FLORIDA,VERMILION SNAPPER,CHARTER BOAT,3,5124,57.8,160,101.5,107,101.5
FINAL,2009,MARCH/APRIL,ALABAMA,VERMILION SNAPPER,CHARTER BOAT,1,11642,51.2,0,.,132,43.7
FINAL,2009,MARCH/APRIL,FLORIDA,VERMILION SNAPPER,CHARTER BOAT,2,2409,63.5,0,.,21,100.3
FINAL,2009,MARCH/APRIL,FLORIDA,VERMILION SNAPPER,CHARTER BOAT,3,30413,39.4,0,.,236,72.3
FINAL,2009,MARCH/APRIL,FLORIDA,VERMILION SNAPPER,PRIVATE/RENTAL BOAT,2,11126,101.2,0,.,55630,101.2
FINAL,2009,MARCH/APRIL,FLORIDA,VERMILION SNAPPER,PRIVATE/RENTAL BOAT,3,25557,102.5,146160,99.9,0,.
FINAL,2009,MARCH/APRIL,LOUISIANA,VERMILION SNAPPER,CHARTER BOAT,1,113,86.6,0,.,0,.
FINAL,2009,MAY/JUNE,ALABAMA,VERMILION SNAPPER,CHARTER BOAT,1,10563,60.4,0,.,886,98.7
FINAL,2009,MAY/JUNE,ALABAMA,VERMILION SNAPPER,PRIVATE/RENTAL BOAT,0,0,.,0,.,3034,75.9
FINAL,2009,MAY/JUNE,ALABAMA,VERMILION SNAPPER,PRIVATE/RENTAL BOAT,1,15070,64,8038,95.9,0,.
FINAL,2009,MAY/JUNE,FLORIDA,VERMILION SNAPPER,CHARTER BOAT,2,6786,38.3,0,.,270,70.8
FINAL,2009,MAY/JUNE,FLORIDA,VERMILION SNAPPER,CHARTER BOAT,3,44940,29.2,0,.,743,69.5
FINAL,2009,MAY/JUNE,FLORIDA,VERMILION SNAPPER,PRIVATE/RENTAL BOAT,2,819,100.9,0,.,0,.
FINAL,2009,MAY/JUNE,FLORIDA,VERMILION SNAPPER,PRIVATE/RENTAL BOAT,3,34720,65.6,190568,95.3,1175,102.1
FINAL,2009,JULY/AUGUST,ALABAMA,VERMILION SNAPPER,CHARTER BOAT,1,18876,93.3,0,.,698,99
FINAL,2009,JULY/AUGUST,FLORIDA,VERMILION SNAPPER,CHARTER BOAT,2,17175,73.7,0,.,0,.
FINAL,2009,JULY/AUGUST,FLORIDA,VERMILION SNAPPER,CHARTER BOAT,3,52403,24.2,641,100.9,1971,54.1
FINAL,2009,JULY/AUGUST,FLORIDA,VERMILION SNAPPER,PRIVATE/RENTAL BOAT,2,2789,71.4,0,.,63730,97.1
FINAL,2009,JULY/AUGUST,FLORIDA,VERMILION SNAPPER,PRIVATE/RENTAL BOAT,3,75858,68.1,1956,99.7,20368,91.6
FINAL,2009,SEPTEMBER/OCTOBER,ALABAMA,VERMILION SNAPPER,CHARTER BOAT,1,7509,67.6,0,.,0,.
FINAL,2009,SEPTEMBER/OCTOBER,ALABAMA,VERMILION SNAPPER,PRIVATE/RENTAL BOAT,1,44070,83.6,0,.,26218,91.2
FINAL,2009,SEPTEMBER/OCTOBER,FLORIDA,VERMILION SNAPPER,CHARTER BOAT,2,4160,42.4,0,.,0,.
FINAL,2009,SEPTEMBER/OCTOBER,FLORIDA,VERMILION SNAPPER,CHARTER BOAT,3,21124,33.1,0,.,354,66.6
FINAL,2009,NOVEMBER/DECEMBER,ALABAMA,VERMILION SNAPPER,CHARTER BOAT,1,359,82.8,0,.,0,.
FINAL,2009,NOVEMBER/DECEMBER,FLORIDA,VERMILION SNAPPER,CHARTER BOAT,2,54,75,0,.,0,.
FINAL,2009,NOVEMBER/DECEMBER,FLORIDA,VERMILION SNAPPER,PRIVATE/RENTAL BOAT,3,12516,102.2,0,.,0,.
FINAL,2009,NOVEMBER/DECEMBER,LOUISIANA,VERMILION SNAPPER,PRIVATE/RENTAL BOAT,1,0,.,0,.,23813,86.2
FINAL,2010,JANUARY/FEBRUARY,FLORIDA,VERMILION SNAPPER,CHARTER BOAT,3,3945,59.4,0,.,0,.
FINAL,2010,MARCH/APRIL,ALABAMA,VERMILION SNAPPER,CHARTER BOAT,1,1899,48.8,0,.,0,.
FINAL,2010,MARCH/APRIL,ALABAMA,VERMILION SNAPPER,PRIVATE/RENTAL BOAT,1,1407,97.7,0,.,0,.
FINAL,2010,MARCH/APRIL,FLORIDA,VERMILION SNAPPER,CHARTER BOAT,2,1677,46.8,0,.,0,.
FINAL,2010,MARCH/APRIL,FLORIDA,VERMILION SNAPPER,CHARTER BOAT,3,15134,40.5,0,.,660,87.5
FINAL,2010,MARCH/APRIL,FLORIDA,VERMILION SNAPPER,PRIVATE/RENTAL BOAT,3,6688,92.1,8493,99.7,16986,99.7
FINAL,2010,MAY/JUNE,ALABAMA,VERMILION SNAPPER,CHARTER BOAT,1,5541,29,3746,96.1,15,96.1
FINAL,2010,MAY/JUNE,ALABAMA,VERMILION SNAPPER,PRIVATE/RENTAL BOAT,1,16569,100.7,0,.,15063,100.7
FINAL,2010,MAY/JUNE,FLORIDA,VERMILION SNAPPER,CHARTER BOAT,2,8175,73.7,0,.,1272,66.4
FINAL,2010,MAY/JUNE,FLORIDA,VERMILION SNAPPER,CHARTER BOAT,3,37810,29.8,62,102.3,424,85.3
FINAL,2010,MAY/JUNE,FLORIDA,VERMILION SNAPPER,PRIVATE/RENTAL BOAT,2,22407,100.2,0,.,0,.
FINAL,2010,MAY/JUNE,FLORIDA,VERMILION SNAPPER,PRIVATE/RENTAL BOAT,3,218238,59.8,0,.,0,.
FINAL,2010,JULY/AUGUST,FLORIDA,VERMILION SNAPPER,CHARTER BOAT,2,8259,41,36,100.4,86,101.9
FINAL,2010,JULY/AUGUST,FLORIDA,VERMILION SNAPPER,CHARTER BOAT,3,3290,56.3,546,88.7,50,87
FINAL,2010,JULY/AUGUST,FLORIDA,VERMILION SNAPPER,PRIVATE/RENTAL BOAT,2,15648,84.7,0,.,2995,98.8
FINAL,2010,JULY/AUGUST,FLORIDA,VERMILION SNAPPER,PRIVATE/RENTAL BOAT,3,21910,82.6,0,.,949,104.2
FINAL,2010,SEPTEMBER/OCTOBER,ALABAMA,VERMILION SNAPPER,CHARTER BOAT,1,9958,99.3,0,.,0,.
FINAL,2010,SEPTEMBER/OCTOBER,ALABAMA,VERMILION SNAPPER,PRIVATE/RENTAL BOAT,1,21214,72.4,0,.,0,.
FINAL,2010,SEPTEMBER/OCTOBER,FLORIDA,VERMILION SNAPPER,SHORE,2,0,.,0,.,1609,101.1
FINAL,2010,SEPTEMBER/OCTOBER,FLORIDA,VERMILION SNAPPER,CHARTER BOAT,2,1965,52.1,0,.,0,.
FINAL,2010,SEPTEMBER/OCTOBER,FLORIDA,VERMILION SNAPPER,CHARTER BOAT,3,13885,27.8,0,.,187,67.8
FINAL,2010,SEPTEMBER/OCTOBER,FLORIDA,VERMILION SNAPPER,PRIVATE/RENTAL BOAT,2,14647,71.3,0,.,0,.
FINAL,2010,SEPTEMBER/OCTOBER,FLORIDA,VERMILION SNAPPER,PRIVATE/RENTAL BOAT,3,7165,97.6,0,.,33207,100.6
FINAL,2010,SEPTEMBER/OCTOBER,FLORIDA,VERMILION SNAPPER,PRIVATE/RENTAL BOAT,4,0,.,0,.,4060,85.3
FINAL,2010,NOVEMBER/DECEMBER,ALABAMA,VERMILION SNAPPER,CHARTER BOAT,1,549,57.2,3414,63.4,0,.
FINAL,2010,NOVEMBER/DECEMBER,ALABAMA,VERMILION SNAPPER,PRIVATE/RENTAL BOAT,1,37606,112.4,0,.,5014,112.4
FINAL,2010,NOVEMBER/DECEMBER,FLORIDA,VERMILION SNAPPER,CHARTER BOAT,2,2632,39.3,0,.,286,60.9
FINAL,2010,NOVEMBER/DECEMBER,FLORIDA,VERMILION SNAPPER,CHARTER BOAT,3,3869,47.3,0,.,0,.
FINAL,2010,NOVEMBER/DECEMBER,FLORIDA,VERMILION SNAPPER,PRIVATE/RENTAL BOAT,2,17393,101,0,.,0,.
FINAL,2011,JANUARY/FEBRUARY,ALABAMA,VERMILION SNAPPER,CHARTER BOAT,1,72,74.2,0,.,0,.
FINAL,2011,JANUARY/FEBRUARY,FLORIDA,VERMILION SNAPPER,CHARTER BOAT,3,628,37.3,0,.,71,101.5
FINAL,2011,MARCH/APRIL,ALABAMA,VERMILION SNAPPER,CHARTER BOAT,1,23866,58.8,0,.,0,.
FINAL,2011,MARCH/APRIL,FLORIDA,VERMILION SNAPPER,CHARTER BOAT,2,4872,49.6,0,.,111,100.7
FINAL,2011,MARCH/APRIL,FLORIDA,VERMILION SNAPPER,CHARTER BOAT,3,46433,22.7,0,.,646,62
FINAL,2011,MARCH/APRIL,FLORIDA,VERMILION SNAPPER,PRIVATE/RENTAL BOAT,2,5314,81,0,.,0,.
FINAL,2011,MARCH/APRIL,FLORIDA,VERMILION SNAPPER,PRIVATE/RENTAL BOAT,3,108136,67.8,0,.,33811,101.4
FINAL,2011,MAY/JUNE,ALABAMA,VERMILION SNAPPER,CHARTER BOAT,1,19247,28.3,61,34.8,0,.
FINAL,2011,MAY/JUNE,ALABAMA,VERMILION SNAPPER,PRIVATE/RENTAL BOAT,1,54319,48.6,0,.,0,.
FINAL,2011,MAY/JUNE,FLORIDA,VERMILION SNAPPER,CHARTER BOAT,2,24968,54.4,432,103.4,1054,74.9
FINAL,2011,MAY/JUNE,FLORIDA,VERMILION SNAPPER,CHARTER BOAT,3,92677,20.6,2158,63.4,1368,54.1
FINAL,2011,MAY/JUNE,FLORIDA,VERMILION SNAPPER,PRIVATE/RENTAL BOAT,2,44633,96.1,47542,100.2,23771,100.2
FINAL,2011,MAY/JUNE,FLORIDA,VERMILION SNAPPER,PRIVATE/RENTAL BOAT,3,154360,48.8,15350,102.2,66565,66.5
FINAL,2011,JULY/AUGUST,ALABAMA,VERMILION SNAPPER,CHARTER BOAT,0,13400,66.5,0,.,0,.
FINAL,2011,JULY/AUGUST,ALABAMA,VERMILION SNAPPER,CHARTER BOAT,1,72294,46.1,0,.,5565,57.3
FINAL,2011,JULY/AUGUST,ALABAMA,VERMILION SNAPPER,PRIVATE/RENTAL BOAT,0,645,105.9,0,.,0,.
FINAL,2011,JULY/AUGUST,ALABAMA,VERMILION SNAPPER,PRIVATE/RENTAL BOAT,1,7859,90,16629,100.8,1836,106.1
FINAL,2011,JULY/AUGUST,FLORIDA,VERMILION SNAPPER,CHARTER BOAT,2,22451,43.8,165,102.3,568,91.7
FINAL,2011,JULY/AUGUST,FLORIDA,VERMILION SNAPPER,CHARTER BOAT,3,83888,25.2,0,.,3643,56.1
FINAL,2011,JULY/AUGUST,FLORIDA,VERMILION SNAPPER,PRIVATE/RENTAL BOAT,2,10742,75.7,0,.,2572,100.5
FINAL,2011,JULY/AUGUST,FLORIDA,VERMILION SNAPPER,PRIVATE/RENTAL BOAT,3,144457,55.5,35712,83.2,0,.
FINAL,2011,SEPTEMBER/OCTOBER,ALABAMA,VERMILION SNAPPER,CHARTER BOAT,1,4999,41.4,0,.,106,67.5
FINAL,2011,SEPTEMBER/OCTOBER,FLORIDA,VERMILION SNAPPER,CHARTER BOAT,2,4859,38.4,0,.,376,76.9
FINAL,2011,SEPTEMBER/OCTOBER,FLORIDA,VERMILION SNAPPER,CHARTER BOAT,3,32387,23.3,1048,94.5,1712,42.8
FINAL,2011,SEPTEMBER/OCTOBER,FLORIDA,VERMILION SNAPPER,PRIVATE/RENTAL BOAT,2,0,.,0,.,16025,83.9
FINAL,2011,SEPTEMBER/OCTOBER,FLORIDA,VERMILION SNAPPER,PRIVATE/RENTAL BOAT,3,1008,97.1,4047,101.1,0,.
FINAL,2011,NOVEMBER/DECEMBER,ALABAMA,VERMILION SNAPPER,CHARTER BOAT,1,1146,58.4,175,84.2,0,.
FINAL,2011,NOVEMBER/DECEMBER,FLORIDA,VERMILION SNAPPER,CHARTER BOAT,2,2285,82.3,0,.,0,.
FINAL,2011,NOVEMBER/DECEMBER,FLORIDA,VERMILION SNAPPER,CHARTER BOAT,3,8756,52.5,0,.,120,87.6
FINAL,2011,NOVEMBER/DECEMBER,FLORIDA,VERMILION SNAPPER,PRIVATE/RENTAL BOAT,2,74779,98.8,0,.,0,.
FINAL,2012,JANUARY/FEBRUARY,ALABAMA,VERMILION SNAPPER,CHARTER BOAT,1,1211,64.4,0,.,0,.
FINAL,2012,JANUARY/FEBRUARY,FLORIDA,VERMILION SNAPPER,CHARTER BOAT,3,37,99.5,0,.,217,98.6
FINAL,2012,JANUARY/FEBRUARY,FLORIDA,VERMILION SNAPPER,PRIVATE/RENTAL BOAT,2,0,.,0,.,6841,101.5
FINAL,2012,JANUARY/FEBRUARY,FLORIDA,VERMILION SNAPPER,PRIVATE/RENTAL BOAT,3,45179,91.1,0,.,139029,77.9
FINAL,2012,MARCH/APRIL,ALABAMA,VERMILION SNAPPER,CHARTER BOAT,1,7939,46.3,0,.,897,84.8
FINAL,2012,MARCH/APRIL,FLORIDA,VERMILION SNAPPER,CHARTER BOAT,2,1460,74.5,0,.,0,.
FINAL,2012,MARCH/APRIL,FLORIDA,VERMILION SNAPPER,CHARTER BOAT,3,21111,44.1,387,99.6,622,62.8
FINAL,2012,MARCH/APRIL,FLORIDA,VERMILION SNAPPER,PRIVATE/RENTAL BOAT,2,0,.,16569,100.5,0,.
FINAL,2012,MARCH/APRIL,FLORIDA,VERMILION SNAPPER,PRIVATE/RENTAL BOAT,3,0,.,88536,74.5,0,.
FINAL,2012,MARCH/APRIL,FLORIDA,VERMILION SNAPPER,PRIVATE/RENTAL BOAT,4,0,.,0,.,1317,100.3
FINAL,2012,MAY/JUNE,ALABAMA,VERMILION SNAPPER,CHARTER BOAT,1,554,45.6,0,.,0,.
FINAL,2012,MAY/JUNE,ALABAMA,VERMILION SNAPPER,PRIVATE/RENTAL BOAT,1,0,.,5642,89.9,0,.
FINAL,2012,MAY/JUNE,FLORIDA,VERMILION SNAPPER,SHORE,4,0,.,0,.,2084,101.5
FINAL,2012,MAY/JUNE,FLORIDA,VERMILION SNAPPER,CHARTER BOAT,2,1244,43.3,0,.,328,100.5
FINAL,2012,MAY/JUNE,FLORIDA,VERMILION SNAPPER,CHARTER BOAT,3,35947,34.5,0,.,934,62.5
FINAL,2012,MAY/JUNE,FLORIDA,VERMILION SNAPPER,PRIVATE/RENTAL BOAT,2,11076,79.1,8468,99.5,8468,99.5
FINAL,2012,MAY/JUNE,FLORIDA,VERMILION SNAPPER,PRIVATE/RENTAL BOAT,3,138790,49,0,.,14794,65.6
FINAL,2012,JULY/AUGUST,ALABAMA,VERMILION SNAPPER,CHARTER BOAT,1,12453,42.1,1035,83.7,0,.
FINAL,2012,JULY/AUGUST,ALABAMA,VERMILION SNAPPER,PRIVATE/RENTAL BOAT,1,1830,89.1,7320,89.1,0,.
FINAL,2012,JULY/AUGUST,FLORIDA,VERMILION SNAPPER,CHARTER BOAT,2,6783,44.2,0,.,1307,104
FINAL,2012,JULY/AUGUST,FLORIDA,VERMILION SNAPPER,CHARTER BOAT,3,42950,28.3,0,.,574,53.2
FINAL,2012,JULY/AUGUST,FLORIDA,VERMILION SNAPPER,PRIVATE/RENTAL BOAT,2,39945,67,0,.,8602,87.9
FINAL,2012,JULY/AUGUST,FLORIDA,VERMILION SNAPPER,PRIVATE/RENTAL BOAT,3,44573,54.5,90506,76.8,13123,68.8
FINAL,2012,SEPTEMBER/OCTOBER,ALABAMA,VERMILION SNAPPER,CHARTER BOAT,1,524,85.4,0,.,0,.
FINAL,2012,SEPTEMBER/OCTOBER,ALABAMA,VERMILION SNAPPER,PRIVATE/RENTAL BOAT,4,0,.,0,.,2146,103.2
FINAL,2012,SEPTEMBER/OCTOBER,FLORIDA,VERMILION SNAPPER,CHARTER BOAT,2,2032,37.3,0,.,0,.
FINAL,2012,SEPTEMBER/OCTOBER,FLORIDA,VERMILION SNAPPER,CHARTER BOAT,3,24181,28.6,0,.,172,97.5
FINAL,2012,SEPTEMBER/OCTOBER,FLORIDA,VERMILION SNAPPER,PRIVATE/RENTAL BOAT,3,0,.,0,.,1255,101.8
FINAL,2012,NOVEMBER/DECEMBER,ALABAMA,VERMILION SNAPPER,CHARTER BOAT,1,385,57.4,0,.,161,101.4
FINAL,2012,NOVEMBER/DECEMBER,FLORIDA,VERMILION SNAPPER,CHARTER BOAT,3,7254,47.9,0,.,57,93.6
FINAL,2012,NOVEMBER/DECEMBER,FLORIDA,VERMILION SNAPPER,PRIVATE/RENTAL BOAT,3,48249,91.1,0,.,0,.
FINAL,2013,JANUARY/FEBRUARY,FLORIDA,VERMILION SNAPPER,CHARTER BOAT,2,606,56.4,0,.,0,.
FINAL,2013,JANUARY/FEBRUARY,FLORIDA,VERMILION SNAPPER,CHARTER BOAT,3,648,54.4,0,.,196,78.2
FINAL,2013,JANUARY/FEBRUARY,FLORIDA,VERMILION SNAPPER,PRIVATE/RENTAL BOAT,2,1467,101.7,0,.,0,.
FINAL,2013,MARCH/APRIL,ALABAMA,VERMILION SNAPPER,CHARTER BOAT,1,18142,26,0,.,0,.
FINAL,2013,MARCH/APRIL,FLORIDA,VERMILION SNAPPER,CHARTER BOAT,2,9824,67.7,0,.,0,.
FINAL,2013,MARCH/APRIL,FLORIDA,VERMILION SNAPPER,CHARTER BOAT,3,12552,20.3,0,.,0,.
FINAL,2013,MAY/JUNE,ALABAMA,VERMILION SNAPPER,CHARTER BOAT,1,13183,51.1,8368,43.9,0,.
FINAL,2013,MAY/JUNE,ALABAMA,VERMILION SNAPPER,PRIVATE/RENTAL BOAT,1,19199,65,0,.,2965,72.2
FINAL,2013,MAY/JUNE,FLORIDA,VERMILION SNAPPER,CHARTER BOAT,2,1085,71.7,0,.,310,91.4
FINAL,2013,MAY/JUNE,FLORIDA,VERMILION SNAPPER,CHARTER BOAT,3,29757,35.6,0,.,0,.
FINAL,2013,MAY/JUNE,FLORIDA,VERMILION SNAPPER,PRIVATE/RENTAL BOAT,2,7065,74.9,93353,99.5,1279,68.3
FINAL,2013,MAY/JUNE,FLORIDA,VERMILION SNAPPER,PRIVATE/RENTAL BOAT,3,154443,58.9,142489,96.5,100020,91
FINAL,2013,MAY/JUNE,LOUISIANA,VERMILION SNAPPER,PRIVATE/RENTAL BOAT,1,2071,59.8,0,.,2473,89.3
FINAL,2013,JULY/AUGUST,ALABAMA,VERMILION SNAPPER,CHARTER BOAT,1,5041,50,4055,98,0,.
FINAL,2013,JULY/AUGUST,ALABAMA,VERMILION SNAPPER,PRIVATE/RENTAL BOAT,0,27458,99.1,4896,103.4,4896,103.4
FINAL,2013,JULY/AUGUST,ALABAMA,VERMILION SNAPPER,PRIVATE/RENTAL BOAT,1,30088,98.3,0,.,0,.
FINAL,2013,JULY/AUGUST,ALABAMA,VERMILION SNAPPER,PRIVATE/RENTAL BOAT,4,7853,97.4,0,.,0,.
FINAL,2013,JULY/AUGUST,FLORIDA,VERMILION SNAPPER,CHARTER BOAT,2,7822,51.2,6391,36.4,0,.
FINAL,2013,JULY/AUGUST,FLORIDA,VERMILION SNAPPER,CHARTER BOAT,3,146259,19.9,0,.,0,.
FINAL,2013,JULY/AUGUST,FLORIDA,VERMILION SNAPPER,PRIVATE/RENTAL BOAT,2,2813,81.2,6743,100.4,10606,81.8
FINAL,2013,JULY/AUGUST,FLORIDA,VERMILION SNAPPER,PRIVATE/RENTAL BOAT,3,6074,81.5,0,.,6311,103.9
FINAL,2013,JULY/AUGUST,FLORIDA,VERMILION SNAPPER,PRIVATE/RENTAL BOAT,4,3905,100.5,0,.,0,.
FINAL,2013,SEPTEMBER/OCTOBER,ALABAMA,VERMILION SNAPPER,CHARTER BOAT,0,1050,92.7,0,.,349,101.4
FINAL,2013,SEPTEMBER/OCTOBER,ALABAMA,VERMILION SNAPPER,CHARTER BOAT,1,15306,42,12149,42.1,201,103.5
FINAL,2013,SEPTEMBER/OCTOBER,ALABAMA,VERMILION SNAPPER,PRIVATE/RENTAL BOAT,1,3616,56.1,55717,53.4,132780,55.8
FINAL,2013,SEPTEMBER/OCTOBER,FLORIDA,VERMILION SNAPPER,CHARTER BOAT,2,1741,83.6,0,.,0,.
FINAL,2013,SEPTEMBER/OCTOBER,FLORIDA,VERMILION SNAPPER,CHARTER BOAT,3,47459,27.5,0,.,3830,53.3
FINAL,2013,SEPTEMBER/OCTOBER,FLORIDA,VERMILION SNAPPER,PRIVATE/RENTAL BOAT,2,116015,48.9,1061,107.4,37051,59.9
FINAL,2013,SEPTEMBER/OCTOBER,FLORIDA,VERMILION SNAPPER,PRIVATE/RENTAL BOAT,3,240385,82.6,0,.,118754,98.4
FINAL,2013,SEPTEMBER/OCTOBER,FLORIDA,VERMILION SNAPPER,PRIVATE/RENTAL BOAT,4,0,.,0,.,1171,101
FINAL,2013,SEPTEMBER/OCTOBER,LOUISIANA,VERMILION SNAPPER,PRIVATE/RENTAL BOAT,4,0,.,0,.,1494,99.9
FINAL,2013,NOVEMBER/DECEMBER,FLORIDA,VERMILION SNAPPER,CHARTER BOAT,3,1057,96.3,0,.,756,96.3
FINAL,2013,NOVEMBER/DECEMBER,FLORIDA,VERMILION SNAPPER,PRIVATE/RENTAL BOAT,3,24098,103.8,0,.,27638,103.8
FINAL,2014,JANUARY/FEBRUARY,ALABAMA,VERMILION SNAPPER,PRIVATE/RENTAL BOAT,1,2997,67.8,0,.,0,.
FINAL,2014,JANUARY/FEBRUARY,FLORIDA,VERMILION SNAPPER,PRIVATE/RENTAL BOAT,3,319,104.1,0,.,0,.
FINAL,2014,MARCH/APRIL,ALABAMA,VERMILION SNAPPER,CHARTER BOAT,1,7279,30.9,0,.,136,109.8
FINAL,2014,MARCH/APRIL,ALABAMA,VERMILION SNAPPER,PRIVATE/RENTAL BOAT,1,9683,92.4,0,.,5771,92.4
FINAL,2014,MARCH/APRIL,FLORIDA,VERMILION SNAPPER,CHARTER BOAT,2,7012,47.1,0,.,707,95.9
FINAL,2014,MARCH/APRIL,FLORIDA,VERMILION SNAPPER,CHARTER BOAT,3,23632,33.8,0,.,2610,50.9
FINAL,2014,MARCH/APRIL,FLORIDA,VERMILION SNAPPER,PRIVATE/RENTAL BOAT,2,2530,101.1,0,.,935,101.1
FINAL,2014,MARCH/APRIL,FLORIDA,VERMILION SNAPPER,PRIVATE/RENTAL BOAT,3,46504,65.5,0,.,0,.
FINAL,2014,MAY/JUNE,ALABAMA,VERMILION SNAPPER,CHARTER BOAT,0,4342,68.9,4055,101.3,3093,97.7
FINAL,2014,MAY/JUNE,ALABAMA,VERMILION SNAPPER,CHARTER BOAT,1,37680,33,5227,77.2,976,65.2
FINAL,2014,MAY/JUNE,ALABAMA,VERMILION SNAPPER,PRIVATE/RENTAL BOAT,1,30959,60.1,28669,72.2,5966,99.8
FINAL,2014,MAY/JUNE,FLORIDA,VERMILION SNAPPER,CHARTER BOAT,2,8811,49.3,0,.,0,.
FINAL,2014,MAY/JUNE,FLORIDA,VERMILION SNAPPER,CHARTER BOAT,3,127297,21,0,.,5249,55.5
FINAL,2014,MAY/JUNE,FLORIDA,VERMILION SNAPPER,PRIVATE/RENTAL BOAT,2,98886,41.3,52256,55.3,146172,71.1
FINAL,2014,MAY/JUNE,FLORIDA,VERMILION SNAPPER,PRIVATE/RENTAL BOAT,3,79835,46.3,79436,58,45884,46.5
FINAL,2014,JULY/AUGUST,ALABAMA,VERMILION SNAPPER,CHARTER BOAT,0,0,.,0,.,52,96.7
FINAL,2014,JULY/AUGUST,ALABAMA,VERMILION SNAPPER,CHARTER BOAT,1,36361,44,0,.,209,101.2
FINAL,2014,JULY/AUGUST,ALABAMA,VERMILION SNAPPER,PRIVATE/RENTAL BOAT,0,0,.,0,.,12398,83.8
FINAL,2014,JULY/AUGUST,ALABAMA,VERMILION SNAPPER,PRIVATE/RENTAL BOAT,1,11827,57.3,110911,93,18877,63.5
FINAL,2014,JULY/AUGUST,FLORIDA,VERMILION SNAPPER,CHARTER BOAT,2,10621,69.2,15,113.4,0,.
FINAL,2014,JULY/AUGUST,FLORIDA,VERMILION SNAPPER,CHARTER BOAT,3,92435,27.7,0,.,2710,64.6
FINAL,2014,JULY/AUGUST,FLORIDA,VERMILION SNAPPER,PRIVATE/RENTAL BOAT,2,59011,59.5,0,.,21087,74.1
FINAL,2014,JULY/AUGUST,FLORIDA,VERMILION SNAPPER,PRIVATE/RENTAL BOAT,3,107935,41.6,20778,80.3,7912,60.5
FINAL,2014,JULY/AUGUST,FLORIDA,VERMILION SNAPPER,PRIVATE/RENTAL BOAT,4,0,.,0,.,3763,98.9
FINAL,2014,SEPTEMBER/OCTOBER,ALABAMA,VERMILION SNAPPER,CHARTER BOAT,0,436,64.9,0,.,0,.
FINAL,2014,SEPTEMBER/OCTOBER,ALABAMA,VERMILION SNAPPER,CHARTER BOAT,1,7209,41.4,3892,57.1,2427,75.8
FINAL,2014,SEPTEMBER/OCTOBER,ALABAMA,VERMILION SNAPPER,PRIVATE/RENTAL BOAT,1,3417,99.6,0,.,0,.
FINAL,2014,SEPTEMBER/OCTOBER,FLORIDA,VERMILION SNAPPER,CHARTER BOAT,2,9015,62.2,0,.,0,.
FINAL,2014,SEPTEMBER/OCTOBER,FLORIDA,VERMILION SNAPPER,CHARTER BOAT,3,41797,21.5,4452,79,8275,84.9
FINAL,2014,SEPTEMBER/OCTOBER,FLORIDA,VERMILION SNAPPER,PRIVATE/RENTAL BOAT,2,6857,54.9,0,.,4410,64.7
FINAL,2014,SEPTEMBER/OCTOBER,FLORIDA,VERMILION SNAPPER,PRIVATE/RENTAL BOAT,3,21690,94.4,1256,72.4,13668,88.9
FINAL,2014,NOVEMBER/DECEMBER,FLORIDA,VERMILION SNAPPER,CHARTER BOAT,3,11400,51.8,0,.,758,104.4
FINAL,2014,NOVEMBER/DECEMBER,FLORIDA,VERMILION SNAPPER,PRIVATE/RENTAL BOAT,2,0,.,0,.,54392,85
FINAL,2014,NOVEMBER/DECEMBER,FLORIDA,VERMILION SNAPPER,PRIVATE/RENTAL BOAT,3,0,.,0,.,575,103.4
FINAL,2015,JANUARY/FEBRUARY,ALABAMA,VERMILION SNAPPER,PRIVATE/RENTAL BOAT,1,5739,120.2,0,.,0,.
FINAL,2015,JANUARY/FEBRUARY,FLORIDA,VERMILION SNAPPER,CHARTER BOAT,3,379,61.3,298,99.2,23,77.8
FINAL,2015,JANUARY/FEBRUARY,FLORIDA,VERMILION SNAPPER,PRIVATE/RENTAL BOAT,2,5370,98.1,5391,98.1,24630,96.8
FINAL,2015,JANUARY/FEBRUARY,FLORIDA,VERMILION SNAPPER,PRIVATE/RENTAL BOAT,3,853,105.1,4843,81.1,17505,97.8
FINAL,2015,MARCH/APRIL,ALABAMA,VERMILION SNAPPER,CHARTER BOAT,1,10092,55.8,0,.,278,78.9
FINAL,2015,MARCH/APRIL,ALABAMA,VERMILION SNAPPER,PRIVATE/RENTAL BOAT,1,0,.,15821,98.1,0,.
FINAL,2015,MARCH/APRIL,FLORIDA,VERMILION SNAPPER,CHARTER BOAT,2,22095,49,0,.,49,101.1
FINAL,2015,MARCH/APRIL,FLORIDA,VERMILION SNAPPER,CHARTER BOAT,3,34936,25.2,0,.,598,102.2
FINAL,2015,MARCH/APRIL,FLORIDA,VERMILION SNAPPER,PRIVATE/RENTAL BOAT,2,302,101.3,227,102,0,.
FINAL,2015,MARCH/APRIL,FLORIDA,VERMILION SNAPPER,PRIVATE/RENTAL BOAT,3,38058,63.9,0,.,301,101.4
FINAL,2015,MAY/JUNE,ALABAMA,VERMILION SNAPPER,CHARTER BOAT,1,12706,69.7,141,63.3,549,101.6
FINAL,2015,MAY/JUNE,ALABAMA,VERMILION SNAPPER,PRIVATE/RENTAL BOAT,0,1776,102,0,.,0,.
FINAL,2015,MAY/JUNE,ALABAMA,VERMILION SNAPPER,PRIVATE/RENTAL BOAT,1,18799,59.5,125688,75.1,36656,81.9
FINAL,2015,MAY/JUNE,FLORIDA,VERMILION SNAPPER,CHARTER BOAT,2,8458,43.6,0,.,634,74.8
FINAL,2015,MAY/JUNE,FLORIDA,VERMILION SNAPPER,CHARTER BOAT,3,70007,30.3,10620,81,6498,82
FINAL,2015,MAY/JUNE,FLORIDA,VERMILION SNAPPER,PRIVATE/RENTAL BOAT,2,80217,52.4,1798,100.3,56312,67.5
FINAL,2015,MAY/JUNE,FLORIDA,VERMILION SNAPPER,PRIVATE/RENTAL BOAT,3,31691,43.8,18495,79.7,29959,53.1
FINAL,2015,MAY/JUNE,FLORIDA,VERMILION SNAPPER,PRIVATE/RENTAL BOAT,4,0,.,0,.,3688,99.9
FINAL,2015,JULY/AUGUST,ALABAMA,VERMILION SNAPPER,CHARTER BOAT,1,20822,46.7,7821,95.1,346,102.6
FINAL,2015,JULY/AUGUST,FLORIDA,VERMILION SNAPPER,CHARTER BOAT,2,19688,45.9,0,.,798,78.9
FINAL,2015,JULY/AUGUST,FLORIDA,VERMILION SNAPPER,CHARTER BOAT,3,93541,23.6,0,.,3883,59.7
FINAL,2015,JULY/AUGUST,FLORIDA,VERMILION SNAPPER,PRIVATE/RENTAL BOAT,2,127507,51.6,0,.,11301,79.5
FINAL,2015,JULY/AUGUST,FLORIDA,VERMILION SNAPPER,PRIVATE/RENTAL BOAT,3,50853,78.4,7366,76.3,43358,94.1
FINAL,2015,SEPTEMBER/OCTOBER,ALABAMA,VERMILION SNAPPER,CHARTER BOAT,1,12531,43.6,0,.,87,106.9
FINAL,2015,SEPTEMBER/OCTOBER,ALABAMA,VERMILION SNAPPER,PRIVATE/RENTAL BOAT,1,357,104.8,0,.,0,.
FINAL,2015,SEPTEMBER/OCTOBER,FLORIDA,VERMILION SNAPPER,CHARTER BOAT,2,7557,89.5,0,.,370,78.9
FINAL,2015,SEPTEMBER/OCTOBER,FLORIDA,VERMILION SNAPPER,CHARTER BOAT,3,67421,22.3,562,96,4307,67
FINAL,2015,SEPTEMBER/OCTOBER,FLORIDA,VERMILION SNAPPER,PRIVATE/RENTAL BOAT,2,92874,76.5,22271,64.3,3860,62.5
FINAL,2015,SEPTEMBER/OCTOBER,FLORIDA,VERMILION SNAPPER,PRIVATE/RENTAL BOAT,3,33266,91.4,0,.,22895,78.4
FINAL,2015,NOVEMBER/DECEMBER,ALABAMA,VERMILION SNAPPER,CHARTER BOAT,1,3338,51.1,0,.,0,.
FINAL,2015,NOVEMBER/DECEMBER,ALABAMA,VERMILION SNAPPER,PRIVATE/RENTAL BOAT,1,10939,79,0,.,0,.
FINAL,2015,NOVEMBER/DECEMBER,FLORIDA,VERMILION SNAPPER,CHARTER BOAT,2,8101,34,0,.,0,.
FINAL,2015,NOVEMBER/DECEMBER,FLORIDA,VERMILION SNAPPER,CHARTER BOAT,3,3017,75.9,0,.,0,.
FINAL,2015,NOVEMBER/DECEMBER,FLORIDA,VERMILION SNAPPER,PRIVATE/RENTAL BOAT,3,2664,98.9,0,.,0,.
FINAL,2016,JANUARY/FEBRUARY,ALABAMA,VERMILION SNAPPER,CHARTER BOAT,1,391,69.5,0,.,0,.
FINAL,2016,JANUARY/FEBRUARY,ALABAMA,VERMILION SNAPPER,PRIVATE/RENTAL BOAT,0,2437,109.1,0,.,0,.
FINAL,2016,JANUARY/FEBRUARY,ALABAMA,VERMILION SNAPPER,PRIVATE/RENTAL BOAT,1,4899,95.4,0,.,0,.
FINAL,2016,JANUARY/FEBRUARY,FLORIDA,VERMILION SNAPPER,CHARTER BOAT,2,910,28.4,0,.,0,.
FINAL,2016,JANUARY/FEBRUARY,FLORIDA,VERMILION SNAPPER,CHARTER BOAT,3,2658,54.9,0,.,0,.
FINAL,2016,JANUARY/FEBRUARY,FLORIDA,VERMILION SNAPPER,PRIVATE/RENTAL BOAT,2,6247,69,11759,100.7,25202,75.9
FINAL,2016,JANUARY/FEBRUARY,FLORIDA,VERMILION SNAPPER,PRIVATE/RENTAL BOAT,3,24885,83.3,0,.,0,.
FINAL,2016,MARCH/APRIL,ALABAMA,VERMILION SNAPPER,CHARTER BOAT,1,9837,45.6,1443,67.1,0,.
FINAL,2016,MARCH/APRIL,ALABAMA,VERMILION SNAPPER,PRIVATE/RENTAL BOAT,0,5308,82.3,0,.,0,.
FINAL,2016,MARCH/APRIL,ALABAMA,VERMILION SNAPPER,PRIVATE/RENTAL BOAT,1,1289,97.8,0,.,16153,91.5
FINAL,2016,MARCH/APRIL,FLORIDA,VERMILION SNAPPER,CHARTER BOAT,2,10475,50.1,0,.,2443,90.5
FINAL,2016,MARCH/APRIL,FLORIDA,VERMILION SNAPPER,CHARTER BOAT,3,52634,28.4,0,.,472,90
FINAL,2016,MARCH/APRIL,FLORIDA,VERMILION SNAPPER,PRIVATE/RENTAL BOAT,2,41232,76.8,1042,101.3,18586,56.7
FINAL,2016,MARCH/APRIL,FLORIDA,VERMILION SNAPPER,PRIVATE/RENTAL BOAT,3,32711,72.7,0,.,19322,75.2
FINAL,2016,MAY/JUNE,ALABAMA,VERMILION SNAPPER,CHARTER BOAT,1,9338,32.6,1179,101.3,215,106.7
FINAL,2016,MAY/JUNE,ALABAMA,VERMILION SNAPPER,PRIVATE/RENTAL BOAT,0,1039,102.5,0,.,0,.
FINAL,2016,MAY/JUNE,ALABAMA,VERMILION SNAPPER,PRIVATE/RENTAL BOAT,1,3527,75.1,22394,47.3,0,.
FINAL,2016,MAY/JUNE,FLORIDA,VERMILION SNAPPER,CHARTER BOAT,2,39114,34.7,0,.,2676,71.2
FINAL,2016,MAY/JUNE,FLORIDA,VERMILION SNAPPER,CHARTER BOAT,3,61306,51.1,1800,60,6757,58.2
FINAL,2016,MAY/JUNE,FLORIDA,VERMILION SNAPPER,PRIVATE/RENTAL BOAT,2,14972,64,1636,101,3265,84.7
FINAL,2016,MAY/JUNE,FLORIDA,VERMILION SNAPPER,PRIVATE/RENTAL BOAT,3,11031,52.7,8331,97.5,31542,92.8
FINAL,2016,MAY/JUNE,MISSISSIPPI,VERMILION SNAPPER,PRIVATE/RENTAL BOAT,0,58,102.3,0,.,0,.
FINAL,2016,MAY/JUNE,MISSISSIPPI,VERMILION SNAPPER,PRIVATE/RENTAL BOAT,1,58,108.8,0,.,0,.
FINAL,2016,JULY/AUGUST,ALABAMA,VERMILION SNAPPER,CHARTER BOAT,1,19547,42.8,0,.,542,89.6
FINAL,2016,JULY/AUGUST,ALABAMA,VERMILION SNAPPER,PRIVATE/RENTAL BOAT,1,27115,61.6,0,.,0,.
FINAL,2016,JULY/AUGUST,FLORIDA,VERMILION SNAPPER,CHARTER BOAT,2,52913,44.9,0,.,149,84.7
FINAL,2016,JULY/AUGUST,FLORIDA,VERMILION SNAPPER,CHARTER BOAT,3,223996,41.1,3489,66.8,15323,44.6
FINAL,2016,JULY/AUGUST,FLORIDA,VERMILION SNAPPER,PRIVATE/RENTAL BOAT,2,51946,56.6,53121,98.9,24496,91.1
FINAL,2016,JULY/AUGUST,FLORIDA,VERMILION SNAPPER,PRIVATE/RENTAL BOAT,3,62142,59.7,4068,100.4,12582,78.2
FINAL,2016,JULY/AUGUST,FLORIDA,VERMILION SNAPPER,PRIVATE/RENTAL BOAT,4,2588,100.1,0,.,0,.
FINAL,2016,SEPTEMBER/OCTOBER,ALABAMA,VERMILION SNAPPER,CHARTER BOAT,0,333,74.1,0,.,0,.
FINAL,2016,SEPTEMBER/OCTOBER,ALABAMA,VERMILION SNAPPER,CHARTER BOAT,1,10253,39.9,1227,88.2,1135,103.4
FINAL,2016,SEPTEMBER/OCTOBER,ALABAMA,VERMILION SNAPPER,PRIVATE/RENTAL BOAT,1,5831,76.9,0,.,5484,74.8
FINAL,2016,SEPTEMBER/OCTOBER,FLORIDA,VERMILION SNAPPER,CHARTER BOAT,2,16695,59.9,0,.,0,.
FINAL,2016,SEPTEMBER/OCTOBER,FLORIDA,VERMILION SNAPPER,CHARTER BOAT,3,40035,27,359,104.9,962,63.8
FINAL,2016,SEPTEMBER/OCTOBER,FLORIDA,VERMILION SNAPPER,PRIVATE/RENTAL BOAT,2,25541,83.4,1437,101.4,7681,65.2
FINAL,2016,SEPTEMBER/OCTOBER,FLORIDA,VERMILION SNAPPER,PRIVATE/RENTAL BOAT,3,2683,79.7,38681,79.3,40900,83.6
FINAL,2016,SEPTEMBER/OCTOBER,MISSISSIPPI,VERMILION SNAPPER,PRIVATE/RENTAL BOAT,0,11148,93.5,152576,93.5,26050,93.5
FINAL,2016,SEPTEMBER/OCTOBER,MISSISSIPPI,VERMILION SNAPPER,PRIVATE/RENTAL BOAT,4,0,.,0,.,2666,103.6
FINAL,2016,NOVEMBER/DECEMBER,ALABAMA,VERMILION SNAPPER,CHARTER BOAT,1,866,45.8,0,.,0,.
FINAL,2016,NOVEMBER/DECEMBER,FLORIDA,VERMILION SNAPPER,CHARTER BOAT,2,3144,85.3,0,.,0,.
FINAL,2016,NOVEMBER/DECEMBER,FLORIDA,VERMILION SNAPPER,CHARTER BOAT,3,6006,39.6,0,.,2172,71.3
FINAL,2016,NOVEMBER/DECEMBER,FLORIDA,VERMILION SNAPPER,PRIVATE/RENTAL BOAT,2,16693,95.4,1021,98.7,32512,69.3
FINAL,2016,NOVEMBER/DECEMBER,FLORIDA,VERMILION SNAPPER,PRIVATE/RENTAL BOAT,3,366,102.5,0,.,4526,77.2
FINAL,2017,JANUARY/FEBRUARY,ALABAMA,VERMILION SNAPPER,CHARTER BOAT,1,36,101.9,0,.,0,.
FINAL,2017,JANUARY/FEBRUARY,ALABAMA,VERMILION SNAPPER,PRIVATE/RENTAL BOAT,1,2308,106.3,24855,79.6,3037,97.9
FINAL,2017,JANUARY/FEBRUARY,FLORIDA,VERMILION SNAPPER,CHARTER BOAT,2,7182,29.4,0,.,0,.
FINAL,2017,JANUARY/FEBRUARY,FLORIDA,VERMILION SNAPPER,CHARTER BOAT,3,97207,22.1,0,.,4717,43.3
FINAL,2017,JANUARY/FEBRUARY,FLORIDA,VERMILION SNAPPER,PRIVATE/RENTAL BOAT,2,29127,91.8,0,.,29932,72.7
FINAL,2017,JANUARY/FEBRUARY,FLORIDA,VERMILION SNAPPER,PRIVATE/RENTAL BOAT,3,0,.,0,.,27614,77.9
FINAL,2017,MARCH/APRIL,ALABAMA,VERMILION SNAPPER,CHARTER BOAT,1,1348,40.8,1173,109.5,0,.
FINAL,2017,MARCH/APRIL,ALABAMA,VERMILION SNAPPER,PRIVATE/RENTAL BOAT,1,0,.,3123,88.9,0,.
FINAL,2017,MARCH/APRIL,FLORIDA,VERMILION SNAPPER,CHARTER BOAT,2,15543,54.8,50,104.9,262,105.9
FINAL,2017,MARCH/APRIL,FLORIDA,VERMILION SNAPPER,CHARTER BOAT,3,38053,74,0,.,0,.
FINAL,2017,MARCH/APRIL,FLORIDA,VERMILION SNAPPER,CHARTER BOAT,4,275,115,0,.,0,.
FINAL,2017,MARCH/APRIL,FLORIDA,VERMILION SNAPPER,PRIVATE/RENTAL BOAT,2,238,101.2,0,.,0,.
FINAL,2017,MARCH/APRIL,FLORIDA,VERMILION SNAPPER,PRIVATE/RENTAL BOAT,3,19255,88.8,0,.,178731,97.9
FINAL,2017,MAY/JUNE,ALABAMA,VERMILION SNAPPER,CHARTER BOAT,0,2060,48.8,0,.,0,.
FINAL,2017,MAY/JUNE,ALABAMA,VERMILION SNAPPER,CHARTER BOAT,1,26710,21.3,0,.,0,.
FINAL,2017,MAY/JUNE,ALABAMA,VERMILION SNAPPER,PRIVATE/RENTAL BOAT,0,0,.,710,94.9,0,.
FINAL,2017,MAY/JUNE,ALABAMA,VERMILION SNAPPER,PRIVATE/RENTAL BOAT,1,6094,88.8,27403,58.7,7643,101.6
FINAL,2017,MAY/JUNE,FLORIDA,VERMILION SNAPPER,CHARTER BOAT,2,27071,40,0,.,3077,56.4
FINAL,2017,MAY/JUNE,FLORIDA,VERMILION SNAPPER,CHARTER BOAT,3,188100,45.1,1052,103.6,10376,76.5
FINAL,2017,MAY/JUNE,FLORIDA,VERMILION SNAPPER,PRIVATE/RENTAL BOAT,2,119886,54.4,30549,73.9,38664,53.8
FINAL,2017,MAY/JUNE,FLORIDA,VERMILION SNAPPER,PRIVATE/RENTAL BOAT,3,104642,61.4,55851,80.2,45035,65.4
FINAL,2017,JULY/AUGUST,ALABAMA,VERMILION SNAPPER,CHARTER BOAT,0,143,87.1,0,.,0,.
FINAL,2017,JULY/AUGUST,ALABAMA,VERMILION SNAPPER,CHARTER BOAT,1,20747,56.9,6262,82.2,508,104
FINAL,2017,JULY/AUGUST,ALABAMA,VERMILION SNAPPER,PRIVATE/RENTAL BOAT,1,14989,76.3,297,92.3,27966,96
FINAL,2017,JULY/AUGUST,ALABAMA,VERMILION SNAPPER,PRIVATE/RENTAL BOAT,4,0,.,0,.,1472,103.2
FINAL,2017,JULY/AUGUST,FLORIDA,VERMILION SNAPPER,CHARTER BOAT,2,21308,26,0,.,1410,108.3
FINAL,2017,JULY/AUGUST,FLORIDA,VERMILION SNAPPER,CHARTER BOAT,3,142692,28,12919,84.8,30692,70.2
FINAL,2017,JULY/AUGUST,FLORIDA,VERMILION SNAPPER,CHARTER BOAT,4,0,.,0,.,40,100.5
FINAL,2017,JULY/AUGUST,FLORIDA,VERMILION SNAPPER,PRIVATE/RENTAL BOAT,2,32296,80.7,4659,96.7,2585,61.4
FINAL,2017,JULY/AUGUST,FLORIDA,VERMILION SNAPPER,PRIVATE/RENTAL BOAT,3,166396,48.5,20769,80.7,40659,53.8
FINAL,2017,SEPTEMBER/OCTOBER,ALABAMA,VERMILION SNAPPER,CHARTER BOAT,1,5370,46.8,6097,66.3,0,.
FINAL,2017,SEPTEMBER/OCTOBER,ALABAMA,VERMILION SNAPPER,PRIVATE/RENTAL BOAT,1,4209,114.6,305657,61.8,4831,57
FINAL,2017,SEPTEMBER/OCTOBER,ALABAMA,VERMILION SNAPPER,PRIVATE/RENTAL BOAT,4,0,.,0,.,1718,96.9
FINAL,2017,SEPTEMBER/OCTOBER,FLORIDA,VERMILION SNAPPER,CHARTER BOAT,2,17543,32.2,0,.,968,88.7
FINAL,2017,SEPTEMBER/OCTOBER,FLORIDA,VERMILION SNAPPER,CHARTER BOAT,3,36053,38,0,.,3178,62.3
FINAL,2017,SEPTEMBER/OCTOBER,FLORIDA,VERMILION SNAPPER,PRIVATE/RENTAL BOAT,2,25928,73.2,0,.,4356,101.1
FINAL,2017,SEPTEMBER/OCTOBER,FLORIDA,VERMILION SNAPPER,PRIVATE/RENTAL BOAT,3,65393,69.9,41132,83,23989,106
FINAL,2017,NOVEMBER/DECEMBER,ALABAMA,VERMILION SNAPPER,CHARTER BOAT,1,779,78.7,0,.,0,.
FINAL,2017,NOVEMBER/DECEMBER,FLORIDA,VERMILION SNAPPER,SHORE,2,0,.,0,.,3174,104.1
FINAL,2017,NOVEMBER/DECEMBER,FLORIDA,VERMILION SNAPPER,CHARTER BOAT,2,6176,28.4,0,.,0,.
FINAL,2017,NOVEMBER/DECEMBER,FLORIDA,VERMILION SNAPPER,CHARTER BOAT,3,16241,45.7,0,.,4875,81
FINAL,2017,NOVEMBER/DECEMBER,FLORIDA,VERMILION SNAPPER,PRIVATE/RENTAL BOAT,2,50812,85,0,.,58138,53.2
FINAL,2017,NOVEMBER/DECEMBER,FLORIDA,VERMILION SNAPPER,PRIVATE/RENTAL BOAT,3,413,105.3,0,.,0,.
FINAL,2018,JANUARY/FEBRUARY,FLORIDA,VERMILION SNAPPER,CHARTER BOAT,3,2133,67.5,0,.,1984,78.7
FINAL,2018,JANUARY/FEBRUARY,FLORIDA,VERMILION SNAPPER,PRIVATE/RENTAL BOAT,3,43938,94.3,0,.,33795,94.3
FINAL,2018,MARCH/APRIL,ALABAMA,VERMILION SNAPPER,CHARTER BOAT,1,19646,35,0,.,0,.
FINAL,2018,MARCH/APRIL,ALABAMA,VERMILION SNAPPER,PRIVATE/RENTAL BOAT,1,7443,80.9,0,.,254,106.5
FINAL,2018,MARCH/APRIL,FLORIDA,VERMILION SNAPPER,CHARTER BOAT,2,46863,31.3,0,.,1095,30.1
FINAL,2018,MARCH/APRIL,FLORIDA,VERMILION SNAPPER,CHARTER BOAT,3,52170,30,0,.,4090,93.7
FINAL,2018,MARCH/APRIL,FLORIDA,VERMILION SNAPPER,PRIVATE/RENTAL BOAT,2,2976,100.8,0,.,11869,73.3
FINAL,2018,MARCH/APRIL,FLORIDA,VERMILION SNAPPER,PRIVATE/RENTAL BOAT,3,44709,81.4,8097,101.6,3341,102.4
FINAL,2018,MAY/JUNE,ALABAMA,VERMILION SNAPPER,CHARTER BOAT,1,26467,42.6,0,.,3394,77.7
FINAL,2018,MAY/JUNE,ALABAMA,VERMILION SNAPPER,PRIVATE/RENTAL BOAT,1,13293,77.1,4718,89.3,0,.
FINAL,2018,MAY/JUNE,ALABAMA,VERMILION SNAPPER,PRIVATE/RENTAL BOAT,4,0,.,0,.,14207,107.2
FINAL,2018,MAY/JUNE,FLORIDA,VERMILION SNAPPER,CHARTER BOAT,2,21945,55,0,.,2382,73.8
FINAL,2018,MAY/JUNE,FLORIDA,VERMILION SNAPPER,CHARTER BOAT,3,115239,21.2,10228,72.4,8004,72.6
FINAL,2018,MAY/JUNE,FLORIDA,VERMILION SNAPPER,PRIVATE/RENTAL BOAT,2,13292,89.4,0,.,117130,81.7
FINAL,2018,MAY/JUNE,FLORIDA,VERMILION SNAPPER,PRIVATE/RENTAL BOAT,3,133826,69.3,130371,56.9,62942,59.6
FINAL,2018,MAY/JUNE,FLORIDA,VERMILION SNAPPER,PRIVATE/RENTAL BOAT,4,0,.,0,.,5206,100.6
FINAL,2018,JULY/AUGUST,ALABAMA,VERMILION SNAPPER,CHARTER BOAT,0,767,84.5,0,.,0,.
FINAL,2018,JULY/AUGUST,ALABAMA,VERMILION SNAPPER,CHARTER BOAT,1,37516,57.2,417,100.6,2940,99
FINAL,2018,JULY/AUGUST,ALABAMA,VERMILION SNAPPER,PRIVATE/RENTAL BOAT,1,43330,74.6,10815,61,14808,55.9
FINAL,2018,JULY/AUGUST,ALABAMA,VERMILION SNAPPER,PRIVATE/RENTAL BOAT,4,3151,101.7,0,.,7716,101.7
FINAL,2018,JULY/AUGUST,FLORIDA,VERMILION SNAPPER,CHARTER BOAT,2,60013,44.9,0,.,12337,47.5
FINAL,2018,JULY/AUGUST,FLORIDA,VERMILION SNAPPER,CHARTER BOAT,3,201694,33.9,0,.,34945,69.1
FINAL,2018,JULY/AUGUST,FLORIDA,VERMILION SNAPPER,PRIVATE/RENTAL BOAT,2,464251,65.8,28807,88.1,260868,86
FINAL,2018,JULY/AUGUST,FLORIDA,VERMILION SNAPPER,PRIVATE/RENTAL BOAT,3,66146,57.1,302275,94.5,211489,84.1
FINAL,2018,JULY/AUGUST,MISSISSIPPI,VERMILION SNAPPER,PRIVATE/RENTAL BOAT,1,0,.,0,.,931,96.1
FINAL,2018,SEPTEMBER/OCTOBER,ALABAMA,VERMILION SNAPPER,CHARTER BOAT,1,32802,85,0,.,565,100.2
FINAL,2018,SEPTEMBER/OCTOBER,ALABAMA,VERMILION SNAPPER,PRIVATE/RENTAL BOAT,1,25204,90.1,0,.,5149,90.1
FINAL,2018,SEPTEMBER/OCTOBER,FLORIDA,VERMILION SNAPPER,CHARTER BOAT,2,10593,43.7,866,86,2205,54.1
FINAL,2018,SEPTEMBER/OCTOBER,FLORIDA,VERMILION SNAPPER,CHARTER BOAT,3,101867,40.9,551,87.7,23161,47.2
FINAL,2018,SEPTEMBER/OCTOBER,FLORIDA,VERMILION SNAPPER,PRIVATE/RENTAL BOAT,2,13750,100,0,.,5630,73.7
FINAL,2018,SEPTEMBER/OCTOBER,FLORIDA,VERMILION SNAPPER,PRIVATE/RENTAL BOAT,3,9022,84.9,0,.,1550,101.7
FINAL,2018,SEPTEMBER/OCTOBER,MISSISSIPPI,VERMILION SNAPPER,PRIVATE/RENTAL BOAT,1,8887,75.4,0,.,6665,75.4
FINAL,2018,NOVEMBER/DECEMBER,ALABAMA,VERMILION SNAPPER,PRIVATE/RENTAL BOAT,1,53043,81.2,13710,94.1,1371,94.1
FINAL,2018,NOVEMBER/DECEMBER,FLORIDA,VERMILION SNAPPER,CHARTER BOAT,2,2866,57.9,0,.,0,.
FINAL,2018,NOVEMBER/DECEMBER,FLORIDA,VERMILION SNAPPER,CHARTER BOAT,3,9504,31.4,0,.,0,.
FINAL,2018,NOVEMBER/DECEMBER,FLORIDA,VERMILION SNAPPER,PRIVATE/RENTAL BOAT,3,0,.,501,105.8,4508,105.8
